StartDate,EndDate,Status,Progress,Duration (in seconds),Finished,RecordedDate,ResponseId,DistributionChannel,UserLanguage,intro_prolific_id,intro_native,intro_other_langs,intro_gender,intro_consent,pr_content_tallest_4,pr_content_tallest_5,pr_content_cheapest_4,pr_filler_1_1,pr_filler_1_1,tv_scenario_time_First Click,tv_scenario_time_Last Click,tv_scenario_time_Page Submit,tv_scenario_time_Click Count,tv_content_biggest_4,tv_content_smallest_4,tv_content_expensive_4,tv_content_cheap_4,tv_filler_9_1,tv_filler_9_time_First Click,tv_filler_9_time_Last Click,tv_filler_9_time_Page Submit,tv_filler_9_time_Click Count,tv_filler_10_1,tv_filler_10_time_First Click,tv_filler_10_time_Last Click,tv_filler_10_time_Page Submit,tv_filler_10_time_Click Count,tv_test_1_1,tv_test_1_time_First Click,tv_test_1_time_Last Click,tv_test_1_time_Page Submit,tv_test_1_time_Click Count,tv_test_2_1,tv_test_2_time_First Click,tv_test_2_time_Last Click,tv_test_2_time_Page Submit,tv_test_2_time_Click Count,tv_test_3_1,tv_test_3_time_First Click,tv_test_3_time_Last Click,tv_test_3_time_Page Submit,tv_test_3_time_Click Count,tv_test_4_1,tv_test_4_time_First Click,tv_test_4_time_Last Click,tv_test_4_time_Page Submit,tv_test_4_time_Click Count,tv_test_5_1,tv_test_5_time_First Click,tv_test_5_time_Last Click,tv_test_5_time_Page Submit,tv_test_5_time_Click Count,tv_test_6_1,tv_test_6_time_First Click,tv_test_6_time_Last Click,tv_test_6_time_Page Submit,tv_test_6_time_Click Count,tv_test_7_1,tv_test_7_time_First Click,tv_test_7_time_Last Click,tv_test_7_time_Page Submit,tv_test_7_time_Click Count,tv_test_8_1,tv_test_8_time_First Click,tv_test_8_time_Last Click,tv_test_8_time_Page Submit,tv_test_8_time_Click Count,tv_filler_1_1,tv_filler_1_time_First Click,tv_filler_1_time_Last Click,tv_filler_1_time_Page Submit,tv_filler_1_time_Click Count,tv_filler_2_1,tv_filler_2_time_First Click,tv_filler_2_time_Last Click,tv_filler_2_time_Page Submit,tv_filler_2_time_Click Count,tv_filler_3_1,tv_filler_3_time_First Click,tv_filler_3_time_Last Click,tv_filler_3_time_Page Submit,tv_filler_3_time_Click Count,tv_filler_4_1,tv_filler_4_time_First Click,tv_filler_4_time_Last Click,tv_filler_4_time_Page Submit,tv_filler_4_time_Click Count,tv_filler_5_1,tv_filler_5_time_First Click,tv_filler_5_time_Last Click,tv_filler_5_time_Page Submit,tv_filler_5_time_Click Count,tv_filler_6_1,tv_filler_6_time_First Click,tv_filler_6_time_Last Click,tv_filler_6_time_Page Submit,tv_filler_6_time_Click Count,tv_filler_7_1,tv_filler_7_time_First Click,tv_filler_7_time_Last Click,tv_filler_7_time_Page Submit,tv_filler_7_time_Click Count,tv_filler_8_1,tv_filler_8_time_First Click,tv_filler_8_time_Last Click,tv_filler_8_time_Page Submit,tv_filler_8_time_Click Count,ch_scenario_time_First Click,ch_scenario_time_Last Click,ch_scenario_time_Page Submit,ch_scenario_time_Click Count,ch_content_longest_4,ch_content_longest_5,ch_content_shortest_4,ch_content_shortest_5,ch_content_expensive_4,ch_content_cheap_4,ch_filler_9_1,ch_filler_9_time_First Click,ch_filler_9_time_Last Click,ch_filler_9_time_Page Submit,ch_filler_9_time_Click Count,ch_filler_10_1,ch_filler_10_time_First Click,ch_filler_10_time_Last Click,ch_filler_10_time_Page Submit,ch_filler_10_time_Click Count,ch_test_1_1,ch_test_1_time_First Click,ch_test_1_time_Last Click,ch_test_1_time_Page Submit,ch_test_1_time_Click Count,ch_test_2_1,ch_test_2_time_First Click,ch_test_2_time_Last Click,ch_test_2_time_Page Submit,ch_test_2_time_Click Count,ch_test_3_1,ch_test_3_time_First Click,ch_test_3_time_Last Click,ch_test_3_time_Page Submit,ch_test_3_time_Click Count,ch_test_4_1,ch_test_4_time_First Click,ch_test_4_time_Last Click,ch_test_4_time_Page Submit,ch_test_4_time_Click Count,ch_test_5_1,ch_test_5_time_First Click,ch_test_5_time_Last Click,ch_test_5_time_Page Submit,ch_test_5_time_Click Count,ch_test_6_1,ch_test_6_time_First Click,ch_test_6_time_Last Click,ch_test_6_time_Page Submit,ch_test_6_time_Click Count,ch_test_7_1,ch_test_7_time_First Click,ch_test_7_time_Last Click,ch_test_7_time_Page Submit,ch_test_7_time_Click Count,ch_test_8_1,ch_test_8_time_First Click,ch_test_8_time_Last Click,ch_test_8_time_Page Submit,ch_test_8_time_Click Count,ch_filler_1_1,ch_filler_1_time_First Click,ch_filler_1_time_Last Click,ch_filler_1_time_Page Submit,ch_filler_1_time_Click Count,ch_filler_2_1,ch_filler_2_time_First Click,ch_filler_2_time_Last Click,ch_filler_2_time_Page Submit,ch_filler_2_time_Click Count,ch_filler_3_1,ch_filler_3_time_First Click,ch_filler_3_time_Last Click,ch_filler_3_time_Page Submit,ch_filler_3_time_Click Count,ch_filler_4_1,ch_filler_4_time_First Click,ch_filler_4_time_Last Click,ch_filler_4_time_Page Submit,ch_filler_4_time_Click Count,ch_filler_5_1,ch_filler_5_time_First Click,ch_filler_5_time_Last Click,ch_filler_5_time_Page Submit,ch_filler_5_time_Click Count,ch_filler_6_1,ch_filler_6_time_First Click,ch_filler_6_time_Last Click,ch_filler_6_time_Page Submit,ch_filler_6_time_Click Count,ch_filler_7_1,ch_filler_7_time_First Click,ch_filler_7_time_Last Click,ch_filler_7_time_Page Submit,ch_filler_7_time_Click Count,ch_filler_8_1,ch_filler_8_time_First Click,ch_filler_8_time_Last Click,ch_filler_8_time_Page Submit,ch_filler_8_time_Click Count,Group
Start Date,End Date,Response Type,Progress,Duration (in seconds),Finished,Recorded Date,Response ID,Distribution Channel,User Language,What is your Prolific ID?,Is English your native language?,"Not including English, how many languages do you speak fluently?",What is your gender?,I give permission to use my answers for scientific research,What is the height of the tallest lamp? - Feet,What is the height of the tallest lamp? - Inches,What is the price of the cheapest lamp? - $,They have a tall lamp over there. - Definitely sounds bad:Definitely sounds good,That lamp very tall is. - Definitely sounds bad:Definitely sounds good,Timing - First Click,Timing - Last Click,Timing - Page Submit,Timing - Click Count,What is the size of the biggest TV? - Inches,What is the size of the smallest TV? - Inches,What is the price of the most expensive TV? - $,What is the price of the cheapest TV? - $,That TV very cheap over there is. - Definitely sounds bad:Definitely sounds good,Timing - First Click,Timing - Last Click,Timing - Page Submit,Timing - Click Count,I like the TV over there. - Definitely sounds bad:Definitely sounds good,Timing - First Click,Timing - Last Click,Timing - Page Submit,Timing - Click Count,tv_test_1 - Definitely sounds bad:Definitely sounds good,Timing - First Click,Timing - Last Click,Timing - Page Submit,Timing - Click Count,I saw an expensive big TV over there. - Definitely sounds bad:Definitely sounds good,Timing - First Click,Timing - Last Click,Timing - Page Submit,Timing - Click Count,I saw a refurbished big TV over there. - Definitely sounds bad:Definitely sounds good,Timing - First Click,Timing - Last Click,Timing - Page Submit,Timing - Click Count,I saw a big refurbished TV over there. - Definitely sounds bad:Definitely sounds good,Timing - First Click,Timing - Last Click,Timing - Page Submit,Timing - Click Count,I saw a big cheap TV over there. - Definitely sounds bad:Definitely sounds good,Timing - First Click,Timing - Last Click,Timing - Page Submit,Timing - Click Count,I saw a cheap big TV over there. - Definitely sounds bad:Definitely sounds good,Timing - First Click,Timing - Last Click,Timing - Page Submit,Timing - Click Count,I saw a big discounted TV over there. - Definitely sounds bad:Definitely sounds good,Timing - First Click,Timing - Last Click,Timing - Page Submit,Timing - Click Count,I saw a discounted big TV over there. - Definitely sounds bad:Definitely sounds good,Timing - First Click,Timing - Last Click,Timing - Page Submit,Timing - Click Count,Over there I saw an expensive TV. - Definitely sounds bad:Definitely sounds good,Timing - First Click,Timing - Last Click,Timing - Page Submit,Timing - Click Count,That TV is I think very big. - Definitely sounds bad:Definitely sounds good,Timing - First Click,Timing - Last Click,Timing - Page Submit,Timing - Click Count,There is an expensive TV over there. - Definitely sounds bad:Definitely sounds good,Timing - First Click,Timing - Last Click,Timing - Page Submit,Timing - Click Count,That big TV is expensive. - Definitely sounds bad:Definitely sounds good,Timing - First Click,Timing - Last Click,Timing - Page Submit,Timing - Click Count,I saw a big TV over there. - Definitely sounds bad:Definitely sounds good,Timing - First Click,Timing - Last Click,Timing - Page Submit,Timing - Click Count,That TV is cheap very. - Definitely sounds bad:Definitely sounds good,Timing - First Click,Timing - Last Click,Timing - Page Submit,Timing - Click Count,I saw a TV over there big. - Definitely sounds bad:Definitely sounds good,Timing - First Click,Timing - Last Click,Timing - Page Submit,Timing - Click Count,That TV expensive is. - Definitely sounds bad:Definitely sounds good,Timing - First Click,Timing - Last Click,Timing - Page Submit,Timing - Click Count,Timing - First Click,Timing - Last Click,Timing - Page Submit,Timing - Click Count,What is the length of the longest couch? - Feet,What is the length of the longest couch? - Inches,What is the length of the shortest couch? - Feet,What is the length of the shortest couch? - Inches,What is the price of the most expensive couch? - $,What is the price of the cheapest couch? - $,That is a long couch. - Definitely sounds bad:Definitely sounds good,Timing - First Click,Timing - Last Click,Timing - Page Submit,Timing - Click Count,That is couch very cheap. - Definitely sounds bad:Definitely sounds good,Timing - First Click,Timing - Last Click,Timing - Page Submit,Timing - Click Count,I saw a long expensive couch over there. - Definitely sounds bad:Definitely sounds good,Timing - First Click,Timing - Last Click,Timing - Page Submit,Timing - Click Count,I saw an expensive long couch over there. - Definitely sounds bad:Definitely sounds good,Timing - First Click,Timing - Last Click,Timing - Page Submit,Timing - Click Count,I saw a leather long couch over there. - Definitely sounds bad:Definitely sounds good,Timing - First Click,Timing - Last Click,Timing - Page Submit,Timing - Click Count,I saw a long leather couch over there. - Definitely sounds bad:Definitely sounds good,Timing - First Click,Timing - Last Click,Timing - Page Submit,Timing - Click Count,I saw a cheap long couch over there. - Definitely sounds bad:Definitely sounds good,Timing - First Click,Timing - Last Click,Timing - Page Submit,Timing - Click Count,I saw a long cheap couch over there. - Definitely sounds bad:Definitely sounds good,Timing - First Click,Timing - Last Click,Timing - Page Submit,Timing - Click Count,I saw a discounted long couch over there. - Definitely sounds bad:Definitely sounds good,Timing - First Click,Timing - Last Click,Timing - Page Submit,Timing - Click Count,I saw a long discounted couch over there. - Definitely sounds bad:Definitely sounds good,Timing - First Click,Timing - Last Click,Timing - Page Submit,Timing - Click Count,Over there they have a long couch. - Definitely sounds bad:Definitely sounds good,Timing - First Click,Timing - Last Click,Timing - Page Submit,Timing - Click Count,That couch is very cheap. - Definitely sounds bad:Definitely sounds good,Timing - First Click,Timing - Last Click,Timing - Page Submit,Timing - Click Count,That long couch is cheap. - Definitely sounds bad:Definitely sounds good,Timing - First Click,Timing - Last Click,Timing - Page Submit,Timing - Click Count,That couch is expensive over there. - Definitely sounds bad:Definitely sounds good,Timing - First Click,Timing - Last Click,Timing - Page Submit,Timing - Click Count,That couch I think is very long. - Definitely sounds bad:Definitely sounds good,Timing - First Click,Timing - Last Click,Timing - Page Submit,Timing - Click Count,I saw an expensive couch over there. - Definitely sounds bad:Definitely sounds good,Timing - First Click,Timing - Last Click,Timing - Page Submit,Timing - Click Count,Cheap I saw a couch over there. - Definitely sounds bad:Definitely sounds good,Timing - First Click,Timing - Last Click,Timing - Page Submit,Timing - Click Count,That couch is long very. - Definitely sounds bad:Definitely sounds good,Timing - First Click,Timing - Last Click,Timing - Page Submit,Timing - Click Count,Group
"{""ImportId"":""startDate"",""timeZone"":""America/Denver""}","{""ImportId"":""endDate"",""timeZone"":""America/Denver""}","{""ImportId"":""status""}","{""ImportId"":""progress""}","{""ImportId"":""duration""}","{""ImportId"":""finished""}","{""ImportId"":""recordedDate"",""timeZone"":""America/Denver""}","{""ImportId"":""_recordId""}","{""ImportId"":""distributionChannel""}","{""ImportId"":""userLanguage""}","{""ImportId"":""QID258_TEXT""}","{""ImportId"":""QID142""}","{""ImportId"":""QID256""}","{""ImportId"":""QID257""}","{""ImportId"":""QID144""}","{""ImportId"":""QID133_4""}","{""ImportId"":""QID133_5""}","{""ImportId"":""QID134_4""}","{""ImportId"":""QID123_1""}","{""ImportId"":""QID127_1""}","{""ImportId"":""QID77_FIRST_CLICK""}","{""ImportId"":""QID77_LAST_CLICK""}","{""ImportId"":""QID77_PAGE_SUBMIT""}","{""ImportId"":""QID77_CLICK_COUNT""}","{""ImportId"":""QID1_4""}","{""ImportId"":""QID4_4""}","{""ImportId"":""QID5_4""}","{""ImportId"":""QID14_4""}","{""ImportId"":""QID138_1""}","{""ImportId"":""QID149_FIRST_CLICK""}","{""ImportId"":""QID149_LAST_CLICK""}","{""ImportId"":""QID149_PAGE_SUBMIT""}","{""ImportId"":""QID149_CLICK_COUNT""}","{""ImportId"":""QID139_1""}","{""ImportId"":""QID151_FIRST_CLICK""}","{""ImportId"":""QID151_LAST_CLICK""}","{""ImportId"":""QID151_PAGE_SUBMIT""}","{""ImportId"":""QID151_CLICK_COUNT""}","{""ImportId"":""QID10_1""}","{""ImportId"":""QID209_FIRST_CLICK""}","{""ImportId"":""QID209_LAST_CLICK""}","{""ImportId"":""QID209_PAGE_SUBMIT""}","{""ImportId"":""QID209_CLICK_COUNT""}","{""ImportId"":""QID16_1""}","{""ImportId"":""QID212_FIRST_CLICK""}","{""ImportId"":""QID212_LAST_CLICK""}","{""ImportId"":""QID212_PAGE_SUBMIT""}","{""ImportId"":""QID212_CLICK_COUNT""}","{""ImportId"":""QID63_1""}","{""ImportId"":""QID215_FIRST_CLICK""}","{""ImportId"":""QID215_LAST_CLICK""}","{""ImportId"":""QID215_PAGE_SUBMIT""}","{""ImportId"":""QID215_CLICK_COUNT""}","{""ImportId"":""QID64_1""}","{""ImportId"":""QID218_FIRST_CLICK""}","{""ImportId"":""QID218_LAST_CLICK""}","{""ImportId"":""QID218_PAGE_SUBMIT""}","{""ImportId"":""QID218_CLICK_COUNT""}","{""ImportId"":""QID116_1""}","{""ImportId"":""QID221_FIRST_CLICK""}","{""ImportId"":""QID221_LAST_CLICK""}","{""ImportId"":""QID221_PAGE_SUBMIT""}","{""ImportId"":""QID221_CLICK_COUNT""}","{""ImportId"":""QID117_1""}","{""ImportId"":""QID224_FIRST_CLICK""}","{""ImportId"":""QID224_LAST_CLICK""}","{""ImportId"":""QID224_PAGE_SUBMIT""}","{""ImportId"":""QID224_CLICK_COUNT""}","{""ImportId"":""QID145_1""}","{""ImportId"":""QID227_FIRST_CLICK""}","{""ImportId"":""QID227_LAST_CLICK""}","{""ImportId"":""QID227_PAGE_SUBMIT""}","{""ImportId"":""QID227_CLICK_COUNT""}","{""ImportId"":""QID146_1""}","{""ImportId"":""QID230_FIRST_CLICK""}","{""ImportId"":""QID230_LAST_CLICK""}","{""ImportId"":""QID230_PAGE_SUBMIT""}","{""ImportId"":""QID230_CLICK_COUNT""}","{""ImportId"":""QID22_1""}","{""ImportId"":""QID233_FIRST_CLICK""}","{""ImportId"":""QID233_LAST_CLICK""}","{""ImportId"":""QID233_PAGE_SUBMIT""}","{""ImportId"":""QID233_CLICK_COUNT""}","{""ImportId"":""QID23_1""}","{""ImportId"":""QID236_FIRST_CLICK""}","{""ImportId"":""QID236_LAST_CLICK""}","{""ImportId"":""QID236_PAGE_SUBMIT""}","{""ImportId"":""QID236_CLICK_COUNT""}","{""ImportId"":""QID24_1""}","{""ImportId"":""QID239_FIRST_CLICK""}","{""ImportId"":""QID239_LAST_CLICK""}","{""ImportId"":""QID239_PAGE_SUBMIT""}","{""ImportId"":""QID239_CLICK_COUNT""}","{""ImportId"":""QID25_1""}","{""ImportId"":""QID242_FIRST_CLICK""}","{""ImportId"":""QID242_LAST_CLICK""}","{""ImportId"":""QID242_PAGE_SUBMIT""}","{""ImportId"":""QID242_CLICK_COUNT""}","{""ImportId"":""QID27_1""}","{""ImportId"":""QID245_FIRST_CLICK""}","{""ImportId"":""QID245_LAST_CLICK""}","{""ImportId"":""QID245_PAGE_SUBMIT""}","{""ImportId"":""QID245_CLICK_COUNT""}","{""ImportId"":""QID65_1""}","{""ImportId"":""QID248_FIRST_CLICK""}","{""ImportId"":""QID248_LAST_CLICK""}","{""ImportId"":""QID248_PAGE_SUBMIT""}","{""ImportId"":""QID248_CLICK_COUNT""}","{""ImportId"":""QID106_1""}","{""ImportId"":""QID251_FIRST_CLICK""}","{""ImportId"":""QID251_LAST_CLICK""}","{""ImportId"":""QID251_PAGE_SUBMIT""}","{""ImportId"":""QID251_CLICK_COUNT""}","{""ImportId"":""QID105_1""}","{""ImportId"":""QID254_FIRST_CLICK""}","{""ImportId"":""QID254_LAST_CLICK""}","{""ImportId"":""QID254_PAGE_SUBMIT""}","{""ImportId"":""QID254_CLICK_COUNT""}","{""ImportId"":""QID79_FIRST_CLICK""}","{""ImportId"":""QID79_LAST_CLICK""}","{""ImportId"":""QID79_PAGE_SUBMIT""}","{""ImportId"":""QID79_CLICK_COUNT""}","{""ImportId"":""QID36_4""}","{""ImportId"":""QID36_5""}","{""ImportId"":""QID37_4""}","{""ImportId"":""QID37_5""}","{""ImportId"":""QID38_4""}","{""ImportId"":""QID39_4""}","{""ImportId"":""QID140_1""}","{""ImportId"":""QID154_FIRST_CLICK""}","{""ImportId"":""QID154_LAST_CLICK""}","{""ImportId"":""QID154_PAGE_SUBMIT""}","{""ImportId"":""QID154_CLICK_COUNT""}","{""ImportId"":""QID141_1""}","{""ImportId"":""QID156_FIRST_CLICK""}","{""ImportId"":""QID156_LAST_CLICK""}","{""ImportId"":""QID156_PAGE_SUBMIT""}","{""ImportId"":""QID156_CLICK_COUNT""}","{""ImportId"":""QID30_1""}","{""ImportId"":""QID163_FIRST_CLICK""}","{""ImportId"":""QID163_LAST_CLICK""}","{""ImportId"":""QID163_PAGE_SUBMIT""}","{""ImportId"":""QID163_CLICK_COUNT""}","{""ImportId"":""QID66_1""}","{""ImportId"":""QID160_FIRST_CLICK""}","{""ImportId"":""QID160_LAST_CLICK""}","{""ImportId"":""QID160_PAGE_SUBMIT""}","{""ImportId"":""QID160_CLICK_COUNT""}","{""ImportId"":""QID68_1""}","{""ImportId"":""QID166_FIRST_CLICK""}","{""ImportId"":""QID166_LAST_CLICK""}","{""ImportId"":""QID166_PAGE_SUBMIT""}","{""ImportId"":""QID166_CLICK_COUNT""}","{""ImportId"":""QID67_1""}","{""ImportId"":""QID169_FIRST_CLICK""}","{""ImportId"":""QID169_LAST_CLICK""}","{""ImportId"":""QID169_PAGE_SUBMIT""}","{""ImportId"":""QID169_CLICK_COUNT""}","{""ImportId"":""QID118_1""}","{""ImportId"":""QID172_FIRST_CLICK""}","{""ImportId"":""QID172_LAST_CLICK""}","{""ImportId"":""QID172_PAGE_SUBMIT""}","{""ImportId"":""QID172_CLICK_COUNT""}","{""ImportId"":""QID119_1""}","{""ImportId"":""QID175_FIRST_CLICK""}","{""ImportId"":""QID175_LAST_CLICK""}","{""ImportId"":""QID175_PAGE_SUBMIT""}","{""ImportId"":""QID175_CLICK_COUNT""}","{""ImportId"":""QID147_1""}","{""ImportId"":""QID178_FIRST_CLICK""}","{""ImportId"":""QID178_LAST_CLICK""}","{""ImportId"":""QID178_PAGE_SUBMIT""}","{""ImportId"":""QID178_CLICK_COUNT""}","{""ImportId"":""QID148_1""}","{""ImportId"":""QID182_FIRST_CLICK""}","{""ImportId"":""QID182_LAST_CLICK""}","{""ImportId"":""QID182_PAGE_SUBMIT""}","{""ImportId"":""QID182_CLICK_COUNT""}","{""ImportId"":""QID69_1""}","{""ImportId"":""QID185_FIRST_CLICK""}","{""ImportId"":""QID185_LAST_CLICK""}","{""ImportId"":""QID185_PAGE_SUBMIT""}","{""ImportId"":""QID185_CLICK_COUNT""}","{""ImportId"":""QID70_1""}","{""ImportId"":""QID188_FIRST_CLICK""}","{""ImportId"":""QID188_LAST_CLICK""}","{""ImportId"":""QID188_PAGE_SUBMIT""}","{""ImportId"":""QID188_CLICK_COUNT""}","{""ImportId"":""QID71_1""}","{""ImportId"":""QID191_FIRST_CLICK""}","{""ImportId"":""QID191_LAST_CLICK""}","{""ImportId"":""QID191_PAGE_SUBMIT""}","{""ImportId"":""QID191_CLICK_COUNT""}","{""ImportId"":""QID72_1""}","{""ImportId"":""QID194_FIRST_CLICK""}","{""ImportId"":""QID194_LAST_CLICK""}","{""ImportId"":""QID194_PAGE_SUBMIT""}","{""ImportId"":""QID194_CLICK_COUNT""}","{""ImportId"":""QID73_1""}","{""ImportId"":""QID197_FIRST_CLICK""}","{""ImportId"":""QID197_LAST_CLICK""}","{""ImportId"":""QID197_PAGE_SUBMIT""}","{""ImportId"":""QID197_CLICK_COUNT""}","{""ImportId"":""QID74_1""}","{""ImportId"":""QID200_FIRST_CLICK""}","{""ImportId"":""QID200_LAST_CLICK""}","{""ImportId"":""QID200_PAGE_SUBMIT""}","{""ImportId"":""QID200_CLICK_COUNT""}","{""ImportId"":""QID103_1""}","{""ImportId"":""QID203_FIRST_CLICK""}","{""ImportId"":""QID203_LAST_CLICK""}","{""ImportId"":""QID203_PAGE_SUBMIT""}","{""ImportId"":""QID203_CLICK_COUNT""}","{""ImportId"":""QID104_1""}","{""ImportId"":""QID206_FIRST_CLICK""}","{""ImportId"":""QID206_LAST_CLICK""}","{""ImportId"":""QID206_PAGE_SUBMIT""}","{""ImportId"":""QID206_CLICK_COUNT""}","{""ImportId"":""Group""}"
2021-03-19 07:55:01,2021-03-19 07:56:41,Survey Preview,100,99,True,2021-03-19 07:56:42,R_3e8JJdARFhesUBo,preview,EN,,,,,,,,,,,0,0,4.475,0,,,,,,0,0,2.009,0,,0,0,1.542,0,,0,0,0.73,0,,0,0,0.96,0,,0,0,0.579,0,,0,0,0.562,0,,0,0,0.508,0,,0,0,0.737,0,,0,0,2.249,0,,0,0,0.712,0,,0,0,0.652,0,,0,0,0.693,0,,0,0,1.039,0,,0,0,1.115,0,,0,0,0.665,0,,0,0,0.697,0,,0,0,1.869,0,,0,0,0.671,0,0,0,3.246,0,,,,,,,,0,0,1.887,0,,0,0,1.482,0,,0,0,0.795,0,,0,0,0.59,0,,0,0,1.325,0,,0,0,1.05,0,,0,0,0.853,0,,0,0,0.777,0,,0,0,2.16,0,,0,0,0.833,0,,0,0,2.614,0,,0,0,7.528,0,,0,0,1.575,0,,0,0,0.777,0,,0,0,2.054,0,,0,0,9.029,0,,0,0,3.434,0,,0,0,0.933,0,1
2021-03-19 07:59:41,2021-03-19 08:00:56,Survey Preview,100,74,True,2021-03-19 08:00:56,R_1EaifFMSimzbpEs,preview,EN,,,,,,,,,,,0,0,3.158,0,,,,,,0,0,1.159,0,,0,0,0.685,0,,0,0,0.576,0,,0,0,0.582,0,,0,0,0.404,0,,0,0,0.687,0,,0,0,0.579,0,,0,0,1.095,0,,0,0,0.67,0,,0,0,0.602,0,,0,0,0.551,0,,0,0,0.672,0,,0,0,0.54,0,,0,0,0.598,0,,0,0,0.668,0,,0,0,0.587,0,,0,0,0.619,0,,0,0,0.502,0,0,0,3.291,0,,,,,,,,0,0,1.426,0,,0,0,0.742,0,,0,0,0.576,0,,0,0,0.559,0,,0,0,0.505,0,,0,0,0.513,0,,0,0,0.61,0,,0,0,0.474,0,,0,0,0.603,0,,0,0,0.588,0,,0,0,0.535,0,,0,0,0.534,0,,0,0,0.556,0,,0,0,0.527,0,,0,0,0.456,0,,0,0,0.444,0,,0,0,0.485,0,,0,0,0.54,0,2
2021-03-19 08:09:13,2021-03-19 08:18:07,IP Address,100,534,True,2021-03-19 08:18:08,R_1HcNgaIGHSDmgdK,anonymous,EN,,Yes,0,Female,I agree,5,8,40,5,1,4.133,74.319,77.728,36,84,22,4400,130,1,1.993,45.031,46.427,2,5,1.961,3.313,5.142,2,5,17.495,18.814,19.809,2,3,1.445,6.329,6.361,3,5,1.213,2.578,2.608,3,5,1.971,6.122,7.018,2,5,1.314,2.567,3.261,2,5,1.248,3.349,4.113,2,5,1.34,1.874,3.488,2,5,1.186,3.003,3.035,3,3,1.054,7.841,9.588,6,1,1.176,3.044,4.089,2,4,5.945,14.646,14.675,3,5,0.963,9.351,10.311,2,5,2.947,4.183,5.011,2,5,1.151,2.669,3.416,2,1,1.137,2.305,2.983,2,5,1.152,1.753,2.415,2,2.865,73.954,74.35,36,9,6,3,7,1175,200,4,3.066,6.651,7.799,4,5,1.611,3.847,4.476,2,5,0.81,1.712,2.791,2,5,0.88,1.78,2.345,2,5,1.525,2.025,2.889,2,5,0.968,1.452,2.021,2,5,0.827,1.279,1.959,2,4,1.041,4.341,5.222,2,4,1.173,1.738,2.319,2,5,1.142,6.559,7.139,2,5,0.811,1.445,2.126,2,5,0.976,1.544,2.311,2,5,0.922,2.19,2.97,2,5,1.577,2.663,2.692,3,3,1.047,2.964,3.61,2,5,0.817,1.369,1.965,2,1,1.065,1.615,2.33,2,1,0.837,2.505,3.168,2,2
2021-03-19 08:08:50,2021-03-19 08:18:41,IP Address,100,590,True,2021-03-19 08:18:41,R_2Rb8DzcAV5dgZ50,anonymous,EN,,Yes,0,Female,I agree,5,8,40,5,3,23.325,72.326,78.216,4,84,22,4400,130,1,12.679,12.679,13.748,1,5,2.821,2.821,3.634,1,4,4.713,4.713,5.72,1,4,2.939,4.098,4.869,3,3,3.444,3.444,4.83,1,4,5.917,5.917,6.993,1,4,3.265,3.265,4.023,1,5,6.147,6.147,6.849,1,5,19.08,19.08,19.926,1,5,3.356,3.356,4.147,1,3,6.013,6.013,7.136,1,3,3.112,3.112,3.941,1,4,2.832,2.832,3.648,1,5,2.197,2.197,2.923,1,5,8.803,8.803,9.535,1,1,3.067,3.067,4.138,1,1,4.889,4.889,5.784,1,1,2.311,2.311,3.108,1,52.483,100.458,116.97,6,9,6,3,7,1175,200,4,4.898,4.898,5.893,1,5,2.861,2.861,3.738,1,2,4.715,4.715,5.6,1,2,3.91,3.91,4.894,1,3,6.662,6.662,7.563,1,3,3.236,3.236,4.06,1,5,4.393,4.393,5.527,1,3,3.81,3.81,4.647,1,2,5.643,6.379,7.433,2,5,7.499,7.499,8.402,1,4,12.847,12.847,14.03,1,5,3.296,3.296,4.022,1,4,5.853,5.853,6.706,1,4,3.663,4.847,5.574,3,3,6.672,6.672,17.59,1,4,3.984,3.984,5.182,1,1,4.213,4.213,5.137,1,1,3.726,3.726,4.884,1,2
2021-03-19 08:14:44,2021-03-19 08:21:49,IP Address,100,425,True,2021-03-19 08:21:50,R_2v2mgemmqDUYFIY,anonymous,EN,,Yes,0,Female,I agree,5,8,40,4,1,0.464,56.13,61.063,46,84,22,4400,130,1,1.48,1.859,2.941,2,4,0.953,1.602,2.655,3,4,0.805,3.487,4.434,5,5,0.816,2.278,3.278,3,4,0.91,6.412,7.2,5,5,0.746,2.392,3.452,5,4,0.922,1.889,2.805,3,4,0.917,1.91,3.018,3,5,1.211,2.159,3.228,2,4,0.903,2.039,2.933,4,3,1.219,2.175,3.062,3,2,0.827,6.973,7.781,6,5,0.985,2.627,3.59,3,5,0.898,4.651,5.485,4,5,0.909,1.683,2.701,3,1,0.851,1.501,2.581,3,1,1.002,2.114,3.196,3,1,0.812,1.823,2.874,4,2.624,60.801,64.012,57,9,6,3,7,1175,200,4,1.288,3.287,4.206,4,1,0.977,2.999,4.06,5,4,1.351,2.776,3.749,4,4,0.828,1.816,6.112,3,2,1.096,2.474,3.691,4,4,0.986,1.794,2.797,3,4,0.935,2.994,3.996,2,4,1.001,20.642,21.602,3,4,0.884,1.78,2.857,3,4,1.337,5.043,6.042,4,3,1.019,3.945,4.924,6,4,0.929,1.722,2.724,3,4,0.813,6.301,7.321,4,3,1.129,2.182,6.356,3,2,0.984,2.776,3.763,3,4,1.077,1.889,2.802,3,1,1.043,1.753,2.756,3,1,0.988,2.826,5.632,5,2
2021-03-19 08:10:38,2021-03-19 08:24:08,IP Address,100,809,True,2021-03-19 08:24:08,R_10pZIzPldpMdHU9,anonymous,EN,,Yes,0,Female,I agree,5,8,40,5,1,18.197,162.891,164.356,27,84,22,4400,130,1,5.222,5.222,6.615,1,5,4.065,4.065,5.225,1,5,3.348,3.348,4.205,1,5,4.769,4.769,5.801,1,5,7.504,7.504,8.52,1,5,7.652,7.652,8.883,1,5,3.606,3.606,4.886,1,5,4.537,4.537,5.521,1,5,3.177,3.177,4.208,1,5,5.622,5.622,6.692,1,4,5.805,5.805,6.956,1,1,3.434,3.434,5.022,1,5,3.718,3.718,4.825,1,5,2.449,2.449,3.524,1,5,3.507,3.507,4.514,1,1,2.636,2.636,3.711,1,1,2.098,2.098,3.051,1,1,2.209,2.209,3.262,1,9.155,257.67,258.968,41,9,6,3,7,1175,200,5,3.242,3.242,4.605,1,1,2.394,2.394,3.512,1,5,6.204,6.204,7.342,1,5,4.874,4.874,5.999,1,5,2.608,2.608,3.791,1,5,3.892,3.892,4.898,1,5,3.763,3.763,4.909,1,5,2.907,2.907,3.933,1,5,8.182,8.182,9.296,1,5,3.225,3.225,4.388,1,4,3.962,5.576,6.724,2,5,2.957,2.957,3.941,1,5,2.677,2.677,3.727,1,1,7.397,7.397,8.684,1,1,4.208,4.208,5.496,1,5,3.438,3.438,4.51,1,1,2.419,2.419,3.5,1,1,3.021,3.021,4.036,1,2
2021-03-19 08:13:22,2021-03-19 08:25:02,IP Address,100,700,True,2021-03-19 08:25:03,R_28MWdDypyeaf80m,anonymous,EN,,Yes,0,Female,I agree,5,8,40,3,1,33.537,135.529,139.318,7,84,22,4400,130,1,3.983,3.983,5.331,1,5,2.791,2.791,3.812,1,5,4.008,4.008,5.142,1,4,12.884,12.884,13.928,1,4,11.058,11.058,12.314,1,5,3.942,3.942,4.945,1,5,2.756,2.756,3.681,1,3,10.41,10.41,11.624,1,5,2.657,2.657,3.526,1,5,7.338,7.338,8.344,1,5,3.142,3.142,4.164,1,1,6.871,6.871,7.91,1,5,4.025,4.025,4.919,1,5,4.039,4.039,5.032,1,5,3.017,3.017,4.164,1,1,2.762,2.762,3.776,1,1,2.465,2.465,3.374,1,1,2.15,2.15,3.422,1,71.226,175.531,180.214,10,9,6,3,7,1175,200,5,8.278,8.278,9.459,1,1,4.038,4.038,5.034,1,5,3.822,3.822,4.836,1,5,4.509,4.509,5.597,1,2,7.586,7.586,8.521,1,5,3.301,3.301,4.588,1,5,3.401,3.401,4.489,1,5,5.311,5.311,6.244,1,5,3.475,3.475,4.506,1,5,2.843,2.843,3.874,1,5,3.589,3.589,4.652,1,5,2.089,2.089,3.101,1,5,4.645,4.645,5.836,1,5,4.956,4.956,5.88,1,2,9.858,9.858,10.856,1,5,2.742,2.742,3.843,1,1,3.501,3.501,4.401,1,1,2.423,2.423,3.42,1,1
2021-03-19 08:18:05,2021-03-19 08:25:24,IP Address,100,438,True,2021-03-19 08:25:24,R_3O9y7UoyEWYaLuQ,anonymous,EN,,Yes,0,Female,I agree,5,8,40,4,1,3.743,56.15,59.668,56,84,22,4400,130,1,2.009,2.462,3.84,2,5,2.776,6.67,7.981,4,3,5.269,6.365,7.284,3,4,2.765,4.63,5.67,3,3,2.801,4.126,5.542,3,4,2.544,6.492,7.47,4,3,1.804,5.426,6.444,3,4,2.128,4.129,4.541,4,2,0.886,4.616,5.553,3,5,1.998,3.355,4.201,3,5,1.387,2.331,3.276,3,2,2.36,4.002,5.001,3,5,2.145,6.476,6.865,6,4,0.895,2.444,3.383,3,5,0.485,2.814,3.94,4,1,1.14,1.958,2.929,3,1,1.116,2.248,3.186,3,1,0.92,1.767,2.754,3,6.008,65.1,68.463,47,9,6,3,7,1175,200,4,2.984,5.753,7.681,5,1,2.495,4.047,5.341,4,2,2.669,3.579,4.5,3,4,2.289,3.399,4.408,3,1,1.529,2.243,3.426,3,5,1.842,3.118,6.694,3,4,2.998,7.046,8.144,3,2,4.751,5.628,9.626,3,4,4.408,6.964,7.948,3,2,3.368,3.766,6.9,2,5,2.805,5.286,6.939,3,5,1.356,2.57,3.458,3,5,2.578,3.517,4.506,3,5,2.063,3.365,4.644,3,2,2.471,6.783,7.824,6,5,1.961,2.863,3.731,3,1,1.619,2.007,2.875,2,1,1.758,2.558,3.92,3,2
2021-03-19 08:19:03,2021-03-19 08:25:57,IP Address,100,414,True,2021-03-19 08:25:57,R_1MW1FmHpsHnlLbm,anonymous,EN,,Yes,0,Female,I agree,5,8,40,4,5,29.759,75.363,78.523,4,84,22,4400,130,1,4.243,4.243,5.268,1,5,1.796,1.796,2.574,1,4,2.854,2.854,3.661,1,5,2.1,3.377,5.716,2,4,2.306,3.01,3.755,2,5,3.232,3.232,4.065,1,4,4.657,4.657,5.308,1,5,2.525,2.525,3.298,1,5,2.729,2.729,3.483,1,4,3.823,3.823,4.673,1,4,2.184,2.184,3.164,1,2,7.135,7.135,7.818,1,5,2.267,2.267,2.962,1,5,3.324,3.324,4.166,1,5,2.229,2.229,3.08,1,5,1.926,1.926,2.744,1,1,4.572,4.572,5.452,1,1,3.448,3.448,4.311,1,17.838,57.025,59.296,6,9,6,3,7,1175,200,5,2.66,2.66,3.595,1,1,2.603,2.603,3.377,1,5,1.75,1.75,2.495,1,4,2.413,2.413,3.274,1,4,2.024,2.024,3.046,1,5,3.198,6.727,7.433,4,4,2.269,2.269,3.017,1,4,2.406,2.406,3.668,1,5,2.896,2.896,3.566,1,5,4.577,4.577,5.321,1,5,3.751,4.227,5.044,2,5,1.306,1.306,2.114,1,5,3.431,3.795,4.549,2,4,2.657,2.657,3.471,1,4,2.818,2.818,4.177,1,5,2.6,2.6,3.762,1,1,4.08,4.08,5.053,1,5,1.715,1.715,2.573,1,1
2021-03-19 08:17:26,2021-03-19 08:26:13,IP Address,100,526,True,2021-03-19 08:26:13,R_1Qi2lXSYXgrCM2q,anonymous,EN,,Yes,0,Male,I agree,5,8,40,5,1,24.877,68.95,71.074,7,84,22,4400,130,1,4.036,4.036,6.149,1,5,2.06,2.06,3.287,1,5,2.1,2.1,2.707,1,5,3.509,3.509,4.186,1,1,4.569,4.569,5.276,1,5,2.693,2.693,3.394,1,5,3.202,3.202,5.382,1,5,4.251,4.251,5.055,1,3,8.434,8.434,9.132,1,5,6.736,6.736,7.604,1,5,6.175,6.175,6.916,1,2,11.302,12.641,13.449,2,5,2.926,2.926,3.675,1,5,3.94,4.894,5.835,2,5,2.09,2.618,2.876,2,1,4.497,4.497,6.803,1,1,2.76,2.76,3.456,1,2,4.769,4.769,5.534,1,20.366,63.45,65.9,9,9,6,3,7,1175,200,5,2.431,2.431,3.196,1,1,3.715,3.715,4.388,1,5,6.675,8.034,8.813,2,5,3.139,3.139,4.029,1,1,2.357,2.767,3.914,2,5,2.401,3.102,3.629,2,5,4.069,4.069,4.831,1,5,2.78,2.78,3.694,1,3,7.059,7.059,7.727,1,4,3.448,3.448,4.161,1,5,2.95,2.95,3.637,1,5,1.96,1.96,2.666,1,5,2.263,2.863,3.304,2,5,1.965,1.965,2.646,1,5,3.076,3.076,3.705,1,5,2.205,2.205,3.13,1,1,3.264,3.264,5.401,1,1,3.68,4.422,5.856,2,1
2021-03-19 08:17:47,2021-03-19 08:27:27,IP Address,100,579,True,2021-03-19 08:27:27,R_3G9eD5vlovHSXBk,anonymous,EN,,Yes,0,Female,I agree,5,8,40,5,1,36.944,114.187,116.517,9,84,22,4400,130,1,2.68,2.68,3.833,1,5,2.059,2.059,3.122,1,5,1.802,1.802,2.82,1,5,2.048,2.048,4.304,1,5,5.019,5.019,6.086,1,5,1.772,1.772,3.377,1,5,2.818,2.818,4.145,1,5,2.221,2.221,3.522,1,5,1.561,1.561,2.611,1,5,4.202,4.202,5.494,1,2,5.376,5.376,6.578,1,1,2.772,2.772,3.8,1,5,1.564,1.564,3.027,1,5,1.861,1.861,2.683,1,5,1.727,1.727,2.751,1,1,1.702,1.702,2.817,1,1,2.293,2.293,3.426,1,1,1.464,1.464,2.953,1,4.313,139.523,142.2,14,9,6,3,7,1175,200,5,6.396,6.396,7.739,1,1,2.282,2.282,3.892,1,2,9.058,12.876,14.457,3,5,2.387,2.387,3.484,1,1,1.765,1.765,3,1,5,1.81,1.81,3.193,1,5,2.941,2.941,3.82,1,2,3.273,3.273,4.588,1,5,5.916,5.916,6.996,1,5,5.321,5.321,6.569,1,4,6.663,6.663,7.704,1,5,2.038,2.038,3.017,1,5,2.044,2.044,3.135,1,3,35.596,35.596,36.874,1,3,12.204,12.204,13.453,1,5,1.748,1.748,2.653,1,1,2.128,2.128,3.141,1,1,1.824,1.824,3.222,1,2
2021-03-19 08:15:49,2021-03-19 08:29:53,IP Address,100,844,True,2021-03-19 08:29:53,R_eaJADR54NxRlXvX,anonymous,EN,,Yes,0,Female,I agree,5,8,40,4,1,16.483,51.676,53.806,5,84,22,4400,130,1,1.676,1.676,2.675,1,5,1.583,1.583,2.454,1,5,1.499,1.499,2.281,1,5,2.813,2.813,3.597,1,5,3.553,3.553,4.283,1,5,1.2,1.2,2.519,1,5,1.369,1.369,2.157,1,5,2.045,2.045,2.981,1,5,1.464,1.937,2.726,2,5,1.294,4.61,5.288,3,5,1.408,1.408,2.294,1,1,1.724,2.754,3.151,2,5,1.346,1.346,2.103,1,5,1.236,1.236,1.945,1,5,1.237,1.237,2.118,1,1,1.199,1.199,2.053,1,1,1.854,1.854,2.627,1,1,1.898,1.898,2.727,1,21.069,77.83,79.867,6,9,6,3,7,1175,200,5,4.235,4.235,6.279,1,1,2.604,2.604,4.078,1,5,2.188,2.188,3.9,1,5,1.472,1.472,2.381,1,5,2.928,2.928,3.919,1,5,1.506,1.506,2.729,1,5,3.208,3.208,4.78,1,5,1.795,1.795,2.792,1,5,1.35,1.35,2.228,1,5,2.614,2.614,6.448,1,5,1.692,1.692,2.497,1,5,1.326,1.326,2.151,1,5,1.545,1.545,2.612,1,4,1.14,3.994,6.151,3,2,2.153,3.226,4.044,3,5,1.356,2.362,3.036,3,1,1.379,1.379,2.125,1,1,1.851,1.851,3.381,1,2
2021-03-23 09:00:24,2021-03-23 09:03:06,Survey Preview,100,161,True,2021-03-23 09:03:07,R_2veoMIdklcwHkjr,preview,EN,sdfsdf,No,1,Other,I agree,5,8,40,5,5,3.594,3.594,16.149,1,84,22,4400,130,5,1.317,1.317,3.117,1,5,0.572,0.572,1.461,1,5,0.474,0.474,1.268,1,5,0.484,0.484,1.128,1,4,0.448,1.499,2.81,2,5,0.533,0.533,1.267,1,5,0.684,0.684,1.531,1,5,0.505,0.505,1.197,1,5,0.523,0.523,1.221,1,5,0.532,0.532,1.176,1,5,0.515,1.219,1.58,2,5,0.571,0.571,1.366,1,5,0.559,0.559,1.712,1,5,0.494,0.83,1.451,2,5,0.461,0.461,1.2,1,5,0.665,0.665,1.406,1,5,0.622,1.255,1.572,2,5,0.515,0.515,1.251,1,3.022,44.803,47.101,4,9,6,3,7,1175,200,5,0.74,1.207,1.589,2,5,0.449,0.449,1.023,1,5,0.426,0.737,1.512,2,5,0.395,0.395,0.982,1,5,0.841,2.908,3.197,3,5,0.341,0.341,0.927,1,5,0.438,0.438,1.031,1,5,0.536,0.536,1.319,1,5,0.305,0.305,0.867,1,4,0.413,0.413,1.14,1,5,0.797,0.797,1.499,1,5,0.464,0.464,1.048,1,5,0.472,0.472,1.031,1,5,0.566,1.137,1.419,2,5,0.481,0.481,1.117,1,5,0.454,0.454,1.308,1,5,0.355,0.904,1.187,2,5,0.26,0.26,0.806,1,1
2021-03-23 09:53:46,2021-03-23 10:00:52,IP Address,100,425,True,2021-03-23 10:00:52,R_plsjY1Shqfe7opX,anonymous,EN,5ce97c72bbc8bd001b07e9bb,Yes,1,Female,I agree,5,8,40,5,1,34.343,60.844,74.396,6,84,22,4400,130,1,3.816,3.816,6.113,1,5,3.17,3.17,4.318,1,4,3.156,3.156,4.025,1,4,2.816,2.816,3.855,1,1,2.487,2.487,3.469,1,2,2.862,2.862,3.91,1,2,2.381,2.381,3.11,1,4,2.858,2.858,3.868,1,2,2.835,2.835,4.294,1,2,2.471,2.471,3.913,1,3,4.549,4.549,5.426,1,1,3.156,3.156,4.25,1,3,4.385,4.385,7.435,1,5,2.175,2.175,3.393,1,4,2.688,2.688,3.572,1,1,2.52,2.52,3.504,1,1,3.418,3.418,4.26,1,1,2.732,2.732,3.67,1,22.345,48.036,59.331,7,9,6,3,7,1175,200,4,3.716,3.716,4.983,1,4,2.429,2.429,3.233,1,2,2.468,2.468,3.61,1,3,2.348,2.348,3.247,1,2,6.583,6.583,7.814,1,4,2.989,2.989,3.766,1,2,2.262,2.262,3.309,1,2,2.449,4.157,5.11,2,2,3.295,3.295,4.093,1,1,2.214,2.214,3.153,1,3,2.396,2.396,3.442,1,5,1.937,1.937,2.774,1,4,1.974,1.974,2.818,1,4,2.186,2.186,3.45,1,1,2.588,2.588,3.707,1,4,2.154,2.154,3.03,1,1,2.469,2.469,3.299,1,1,2.39,2.39,3.238,1,1
2021-03-23 09:53:47,2021-03-23 10:00:58,IP Address,100,430,True,2021-03-23 10:00:58,R_Zyljm8HAe9jzSSd,anonymous,EN,60394fde95a5a03dcc668c4b,Yes,0,Female,I agree,5,8,40,5,1,1.669,61.275,63.909,67,84,22,4400,130,1,3.431,3.431,4.512,1,5,2.389,2.389,3.45,1,5,2.294,2.294,2.994,1,2,2.959,2.959,3.753,1,2,2.324,2.324,3.051,1,4,2.124,2.124,2.897,1,5,6.228,6.228,7.073,1,4,2.464,2.464,3.116,1,5,2.313,2.313,3.146,1,2,2.472,2.472,3.354,1,5,2.761,2.761,3.434,1,1,5.426,5.426,6.853,1,5,3.103,3.103,3.742,1,5,1.892,1.892,2.662,1,5,2.303,2.303,3.266,1,1,1.796,1.796,2.574,1,1,2.006,2.006,2.665,1,1,1.724,1.724,2.518,1,9.068,85.572,87.68,69,9,6,3,7,1175,200,5,2.054,2.054,3.213,1,1,2.821,2.821,3.6,1,5,3.176,3.176,3.896,1,5,1.989,1.989,3.221,1,2,3.203,3.203,4.172,1,5,2.079,2.079,2.998,1,5,2.629,2.629,3.498,1,5,2.929,3.035,4.17,2,2,2.668,2.668,3.452,1,5,6.475,6.475,7.425,1,5,3.699,3.699,4.711,1,5,2.116,2.116,3.015,1,5,3.771,3.771,4.432,1,2,4.017,4.017,5.135,1,2,2.425,3.995,4.98,2,5,3.089,3.089,3.92,1,1,1.938,1.938,2.899,1,1,2.031,2.031,3.124,1,2
2021-03-23 09:53:43,2021-03-23 10:01:45,IP Address,100,481,True,2021-03-23 10:01:45,R_337OqXeXG2ixN2a,anonymous,EN,5aeb063b2f05b500013028a0,Yes,1,Female,I agree,5,8,40,5,1,18.267,53.794,56.559,8,84,22,4400,130,1,2.222,3.099,3.917,3,5,1.533,1.533,2.215,1,5,1.969,2.655,2.956,2,5,2.773,3.447,3.805,2,5,1.758,2.445,2.856,2,5,1.301,1.824,2.428,2,5,3.533,3.533,4.228,1,5,1.736,1.736,6.143,1,5,1.438,1.438,2.133,1,5,1.41,1.41,2.092,1,5,1.322,1.322,2.016,1,5,2.044,2.044,2.715,1,5,1.323,1.323,2.04,1,5,1.583,1.898,2.761,2,5,1.644,1.644,2.304,1,1,1.546,1.546,2.296,1,1,1.751,1.751,2.535,1,1,1.789,1.789,2.649,1,87.901,122.303,124.464,9,9,6,3,7,1175,200,5,2.505,3.586,4.651,2,1,2.254,2.254,3.129,1,5,2.032,2.032,2.805,1,5,1.434,1.434,2.028,1,2,5.748,5.748,6.477,1,5,3.848,3.848,4.936,1,5,3.342,5.569,6.365,2,5,4.515,4.988,6.267,2,5,1.925,1.925,2.734,1,1,1.813,1.813,3.452,1,5,2.304,2.619,3.259,2,5,1.194,1.194,1.932,1,5,2.195,2.195,2.9,1,1,2.419,2.419,3.137,1,5,2.291,2.291,3.852,1,5,1.473,1.473,2.11,1,1,1.892,1.892,2.61,1,1,1.57,1.57,2.151,1,1
2021-03-23 09:53:51,2021-03-23 10:01:49,IP Address,100,477,True,2021-03-23 10:01:49,R_2E0mObbfSCeVziR,anonymous,EN,5e95a0178e68700009b42b78,Yes,0,Female,I agree,5,8,40,5,1,40.399,79.758,83.575,7,84,22,4400,130,1,3.315,3.315,4.557,1,5,2.284,2.284,3.34,1,5,2.931,2.931,3.596,1,5,3.123,3.123,3.789,1,4,3.878,3.878,5.112,1,5,2.891,2.891,3.774,1,5,1.895,1.895,2.652,1,5,1.878,1.878,2.545,1,5,2.159,2.159,3.206,1,5,3.001,3.001,3.998,1,2,2.935,2.935,3.902,1,1,2.406,2.406,3.423,1,5,1.974,1.974,2.844,1,5,4.063,4.063,4.89,1,5,1.811,1.811,2.818,1,1,2.342,2.342,3.283,1,1,2.074,2.074,3.167,1,1,1.975,1.975,2.738,1,26.712,128.817,130.734,12,9,6,3,7,1175,200,5,1.774,1.774,2.621,1,1,2.904,2.904,4.045,1,4,1.403,1.403,2.109,1,4,2.502,3.782,4.459,3,4,2.781,2.781,3.525,1,5,1.634,1.634,2.378,1,5,1.354,2.319,2.789,2,5,2.065,2.065,2.744,1,5,1.807,1.807,2.411,1,5,1.94,1.94,2.653,1,4,2.173,2.173,2.961,1,5,2.748,2.748,3.637,1,5,2.196,2.196,3.048,1,1,2.265,2.265,3.324,1,1,2.31,2.31,3.179,1,5,1.442,1.442,2.409,1,1,1.74,1.74,2.626,1,1,2.191,2.787,3.222,2,2
2021-03-23 09:53:57,2021-03-23 10:01:58,IP Address,100,481,True,2021-03-23 10:01:59,R_3ozvNopMbrBS8AF,anonymous,EN,5f1305051d80f12cccbca0bf,Yes,0,Male,I agree,5,8,40,4,1,16.26,103.678,106.928,25,84,22,4400,130,1,3.232,3.232,4.792,1,5,1.877,1.877,3.379,1,3,5.937,5.937,7.415,1,5,2.725,2.725,4.073,1,4,2.285,3.285,4.669,2,5,2.388,2.388,3.818,1,5,3.84,3.84,5.939,1,5,3.026,3.026,4.34,1,3,1.795,1.795,3.135,1,3,3.265,3.265,4.636,1,4,2.201,3.194,4.537,2,1,1.966,1.966,3.388,1,5,2.345,2.345,3.873,1,5,2.849,2.849,4.576,1,4,2.258,2.258,3.558,1,2,3.115,4.676,6.113,2,1,1.726,2.854,4.37,2,1,1.819,1.819,3.052,1,7.095,106.709,107.896,25,9,6,3,7,1175,200,5,2.119,2.119,3.433,1,5,1.659,1.659,2.887,1,4,1.637,1.637,3.04,1,3,1.502,1.502,2.739,1,4,2.002,2.002,3.279,1,4,4.674,4.674,7.373,1,4,2.855,2.855,4.239,1,4,1.97,1.97,4.492,1,4,1.858,1.858,3.263,1,4,1.839,1.839,3.177,1,4,4.962,4.962,6.321,1,5,1.588,1.588,3.029,1,4,2.282,2.282,3.75,1,4,3.176,3.176,4.637,1,3,1.696,4.127,5.341,2,5,1.883,1.883,4.05,1,1,2.42,2.42,3.7,1,1,6.484,7.55,8.839,2,2
2021-03-23 09:54:00,2021-03-23 10:02:31,IP Address,100,511,True,2021-03-23 10:02:31,R_3KC6PtiLCw86TlX,anonymous,EN,5c435c2a3526c80001fc932c,Yes,0,Male,I agree,5,8,40,4,1,1.686,67.022,67.887,52,84,22,4400,130,1,4.215,7.503,8.232,4,5,1.538,1.538,2.748,1,4,2.812,9.303,9.946,3,2,4.056,6.126,6.601,3,5,2.64,2.64,3.264,1,4,1.992,3.465,4.494,3,4,2.524,2.524,3,1,3,4.43,12.123,12.763,3,4,2.762,2.762,3.831,1,4,4.584,4.584,5.287,1,5,5.755,5.755,6.76,1,1,2.93,2.93,3.656,1,5,2.171,2.171,2.878,1,4,2.89,2.89,4.09,1,5,2.171,2.171,3.301,1,1,2.055,2.055,2.576,1,1,2.752,2.752,3.398,1,1,2.075,4.267,4.87,3,7.664,100.738,102.369,56,9,6,3,7,1175,200,5,2.384,5.094,6.845,2,1,3.585,3.585,4.699,1,5,5.101,5.101,8.935,1,3,4.522,4.522,5.285,1,2,3.39,3.39,4.147,1,5,2.997,2.997,4.023,1,4,5.245,5.245,8.448,1,5,6.049,6.049,8.594,1,4,2.938,2.938,3.901,1,5,5.618,5.618,6.427,1,4,7.757,7.757,8.434,1,5,2.08,2.08,2.768,1,5,3.408,3.408,5.455,1,2,3.386,13.139,13.749,3,2,2.684,2.684,3.998,1,5,6.239,6.239,8.692,1,1,1.837,1.837,2.659,1,1,3.511,3.511,4.145,1,2
2021-03-23 09:53:52,2021-03-23 10:03:19,IP Address,100,566,True,2021-03-23 10:03:19,R_yWLQwwBdJHVq8tH,anonymous,EN,5cd071a4eb305c0001f9651e,Yes,0,Female,I agree,5,8,40,4,1,38.429,139.595,141.838,87,84,22,4400,130,1,3.697,3.697,4.958,1,5,2.066,2.066,3.96,1,4,4.452,4.452,5.581,1,4,1.936,1.936,2.739,1,2,2,4.748,5.838,2,4,2.94,2.94,3.81,1,5,2.128,2.998,3.949,2,3,3.469,6.435,7.4,2,4,3.623,8.035,9.245,3,4,7.976,7.976,8.988,1,4,2.951,3.675,4.833,2,3,3.66,3.66,4.53,1,5,3.164,3.164,4.167,1,4,3.028,3.028,7.322,1,4,1.728,1.728,2.582,1,1,1.927,1.927,3.078,1,1,2.254,2.254,3.228,1,1,2.23,2.23,3.1,1,16.661,101.624,102.504,64,9,6,3,7,1175,200,5,1.919,1.919,2.604,1,1,1.829,1.829,2.588,1,5,5.044,5.044,5.935,1,4,2.138,2.138,3.495,1,4,5.559,5.559,6.628,1,4,1.701,1.701,2.614,1,3,3.017,3.017,4.261,1,4,3.325,3.325,4.188,1,4,1.71,1.71,2.594,1,4,2.098,2.098,3.182,1,4,2.814,2.814,3.868,1,5,1.73,1.73,2.845,1,4,2.114,2.114,3.034,1,5,10.616,10.616,11.588,1,2,2.4,2.4,3.385,1,5,1.551,2.304,3.099,2,1,1.601,1.601,2.582,1,1,1.454,1.454,2.508,1,1
2021-03-23 09:53:51,2021-03-23 10:03:24,IP Address,100,572,True,2021-03-23 10:03:24,R_23UoQ0oeJDGNnJ5,anonymous,EN,5ffb8c5b60571908f3ac19fa,Yes,0,Male,I agree,5,8,40,2,1,6.658,75.244,80.7,70,84,22,4400,130,1,4.204,6.386,7.887,3,5,4.121,4.121,5.584,1,5,2.517,2.517,3.662,1,5,3.219,3.219,5,1,5,2.485,2.485,3.537,1,5,2.08,2.08,4.501,1,5,2.035,2.035,3.184,1,4,2.226,4.674,5.874,2,5,5.603,5.603,7.047,1,4,2.02,2.02,3.142,1,4,2.426,2.426,4.444,1,3,3.877,3.877,5.474,1,5,1.745,1.745,2.701,1,5,2.479,2.479,3.45,1,5,2.245,2.245,3.4,1,1,6.111,8.52,11.653,3,1,2.547,2.547,4.049,1,5,1.532,1.532,2.776,1,0.139,67.074,69.402,52,9,6,3,7,1175,200,5,2.701,5.236,6.903,3,5,3.704,3.704,5.28,1,5,3.014,5.438,6.827,3,5,2.362,2.362,4.242,1,4,3.753,3.753,8.632,1,5,2.606,4.702,8.301,2,4,3.565,3.565,5.073,1,5,3.201,3.201,4.847,1,5,2.782,2.782,3.985,1,5,3.987,3.987,5.25,1,5,1.947,1.947,3.301,1,5,2.755,2.755,4.158,1,5,1.978,1.978,3.04,1,3,3.887,3.887,5.101,1,1,3.615,3.615,4.801,1,5,3.968,3.968,5.065,1,1,2.216,7.249,8.823,3,5,1.757,1.757,2.935,1,2
2021-03-23 09:53:49,2021-03-23 10:03:29,IP Address,100,579,True,2021-03-23 10:03:29,R_Z1ZxsSbMOPdRpEl,anonymous,EN,58404fd8ad98e40001ce915f,Yes,0,Female,I agree,5,8,40,5,1,2.671,132.323,135.139,22,84,22,4400,130,1,5.019,5.019,5.837,1,5,2.082,2.082,2.697,1,5,1.742,1.742,3.456,1,2,3.762,5.049,5.794,2,5,2.607,2.607,3.465,1,5,2.038,2.038,3.773,1,5,2.985,4.063,4.759,3,5,4.453,4.453,6.6,1,5,1.606,1.606,2.322,1,4,2.267,2.267,3.062,1,5,2.868,2.868,3.607,1,3,3.43,6.222,6.953,2,5,2.226,2.226,2.947,1,5,2.276,2.276,2.902,1,5,1.644,1.644,2.282,1,1,2.771,2.771,3.556,1,1,2.011,2.011,2.915,1,1,1.906,1.906,2.655,1,8.977,144.359,144.911,33,9,6,3,7,1175,200,5,4.222,4.222,6.263,1,1,2.967,2.967,4.081,1,4,7.956,7.956,8.679,1,5,3.066,3.066,4.098,1,3,4.35,4.35,6.279,1,5,2.077,2.077,3.007,1,2,6.498,6.498,7.347,1,4,4.12,4.12,4.831,1,4,4.934,4.934,7.593,1,1,5.463,5.463,6.715,1,5,2.567,2.567,3.331,1,5,1.939,1.939,2.66,1,5,4.628,4.628,5.297,1,4,2.682,2.682,3.475,1,4,3.999,3.999,6.11,1,5,2.086,2.086,2.935,1,1,2.199,2.199,3.098,1,1,1.958,1.958,2.743,1,2
2021-03-23 09:53:46,2021-03-23 10:07:02,IP Address,100,795,True,2021-03-23 10:07:02,R_2V1iNJhrQw5Yqx6,anonymous,EN,5feb31a4fef4d1b519e1cfc5,Yes,1,Male,I agree,5,8,40,5,1,30.936,154.586,156.141,7,84,22,4400,130,1,9.185,9.185,10.276,1,5,4.205,4.205,5.519,1,4,4.313,4.313,5.163,1,5,3.401,3.401,4.02,1,4,3.601,3.601,12.697,1,5,3.252,3.252,4.54,1,5,2.679,2.679,5.012,1,4,6.256,6.256,7.169,1,5,2.071,5.37,6.108,3,5,2.943,2.943,4.09,1,5,2.666,3.254,3.651,2,2,4.569,7.889,9.837,2,5,2.072,2.072,2.949,1,5,2.824,2.824,3.512,1,5,1.703,1.703,2.417,1,5,2.762,2.762,3.55,1,1,4.17,4.17,4.821,1,1,2.617,2.617,3.472,1,17.812,97.437,136.615,6,9,6,3,7,1175,200,5,4.035,4.035,5.246,1,1,5.045,5.045,5.773,1,4,2.764,2.764,4.069,1,5,3.454,3.454,4.054,1,4,4.243,4.243,4.896,1,5,3.855,3.855,4.641,1,5,2.39,4.684,5.253,2,4,5.931,5.931,6.694,1,5,2.073,2.927,4.474,2,4,3.221,3.221,3.826,1,5,3.582,3.582,4.482,1,5,6.972,6.972,7.692,1,5,2.124,2.124,2.736,1,2,4.626,6.345,7.366,2,2,3.137,3.137,3.935,1,5,2.304,4.644,5.983,4,5,2.38,2.38,3.524,1,1,3.335,3.661,4.46,2,1
2021-03-23 09:53:50,2021-03-23 10:07:07,IP Address,100,797,True,2021-03-23 10:07:08,R_2QtHuPxuiPfK04e,anonymous,EN,5ebd841ddea21b08a0aa3057,Yes,1,Female,I agree,5,8,40,5,1,47.227,73.181,88.197,6,84,22,4400,130,1,2.745,3.014,4.278,2,5,2.446,2.446,3.593,1,5,1.976,1.976,4.093,1,3,4.426,7.656,8.35,4,2,2.273,3.561,4.806,2,3,2.486,10.722,11.54,6,5,2.138,2.138,4.097,1,2,4.605,4.605,5.274,1,4,2.591,2.591,3.333,1,3,3.43,3.43,4.233,1,2,2.089,2.089,4.113,1,1,2.058,2.907,3.782,2,5,1.877,2.833,3.655,2,3,2.461,2.461,3.139,1,5,1.7,1.7,2.572,1,1,1.743,2.02,2.83,2,1,4.05,4.05,5.91,1,5,1.754,1.754,2.454,1,74.763,130.016,184.008,11,9,6,3,7,1175,200,4,4.517,4.517,31.514,1,5,2.642,2.642,7.117,1,5,2.395,2.958,3.819,2,3,3.395,6.865,7.659,2,1,3.556,3.556,4.46,1,5,5.794,5.794,8.389,1,3,6.264,6.867,7.714,2,5,2.578,2.578,3.493,1,3,5.639,5.639,8.194,1,1,2.113,10.441,11.176,4,3,3.348,3.348,9.1,1,5,1.989,1.989,5.321,1,5,2.261,2.261,4.859,1,2,2.438,2.438,7.148,1,1,2.095,2.095,4.368,1,5,2.036,2.036,4.481,1,1,2.302,2.302,3.495,1,1,2.133,4.384,6.644,2,1
2021-03-23 09:54:02,2021-03-23 10:13:26,IP Address,100,1163,True,2021-03-23 10:13:27,R_3LioImKnl5trcN5,anonymous,EN,5fae21a54a4443270635904c,Yes,3,Female,I agree,5,8,40,3,1,7.801,277.629,282.402,66,84,22,4400,130,1,7.602,12.15,13.184,3,4,3.426,13.697,14.307,6,4,1.192,2.603,3.874,2,5,2.372,5.004,6.429,3,4,1.476,6.767,7.701,3,5,1.49,10.04,11.024,7,4,1.664,23.103,23.751,10,4,1.807,12.54,14.909,6,4,2.269,5.962,9.134,3,5,1.59,3.234,4.041,2,3,1.509,8.133,8.791,7,2,2.708,5.573,6.999,3,5,2.08,6.327,7.433,3,5,1.303,2.396,3.347,2,5,1.79,2.838,3.928,2,1,1.789,4.123,7.66,3,1,1.925,17.152,18.563,8,5,1.415,2.542,4.171,2,2.457,93.299,97.307,75,9,6,3,7,1175,200,5,1.708,4.205,6.42,4,5,0.984,5.542,6.276,6,5,2.008,6.301,7.274,7,5,1.273,5.25,6.97,3,2,1.544,4.091,4.997,2,5,2.091,2.602,3.754,3,5,1.591,3.621,3.67,3,4,1.974,3.02,3.892,2,4,1.811,4.925,5.569,4,4,1.211,3.396,4.728,2,5,0.913,7.545,8.927,5,5,1.534,5.681,6.658,2,5,2.435,3.3,4.617,3,2,1.723,5.673,6.716,5,3,1.767,5.111,5.908,3,5,1.25,3.815,4.454,4,1,1.709,2.201,3.78,3,1,1.261,3.027,3.893,2,2
2021-03-23 09:59:46,2021-03-23 10:14:46,IP Address,100,900,True,2021-03-23 10:14:47,R_cu9EGE2D2rfBAmB,anonymous,EN,600de5491d0f333e281263de,Yes,0,Male,I agree,5,8,40,4,1,9.433,159.073,161.835,5,84,22,4400,130,1,5.651,5.651,9.049,1,5,3.107,3.107,4.491,1,4,16.805,16.805,18.153,1,4,8.096,8.096,11.846,1,4,18.539,18.539,33.938,1,4,12.447,12.447,17.845,1,2,16.037,16.037,18.376,1,3,14.968,14.968,23.358,1,2,10.2,10.2,11.648,1,4,10.779,10.779,12.596,1,2,8.156,8.156,9.44,1,2,11.625,11.625,18.239,1,4,4.982,4.982,6.159,1,5,5.971,5.971,7.235,1,5,5.566,5.566,7.135,1,1,3.87,3.87,5.318,1,1,4.131,4.131,6.979,1,1,2.644,2.644,3.903,1,38.609,111.342,113.122,9,9,6,3,7,1175,200,5,8.874,8.874,11.162,1,1,5.176,5.176,6.586,1,3,18.294,18.294,19.63,1,4,11.975,11.975,13.296,1,3,14.937,14.937,16.97,1,5,6.531,6.531,7.883,1,4,4.987,4.987,7.843,1,3,20.2,27,28.737,2,4,4.898,4.898,6.276,1,3,19.565,19.565,20.864,1,4,6.233,6.233,7.569,1,5,4.42,4.42,5.882,1,5,5.667,5.667,7.348,1,4,8.822,8.822,10.941,1,2,5.882,12.282,16.092,2,5,4.669,4.669,6.013,1,1,3.551,3.551,4.97,1,1,3.73,5.08,6.727,2,2
2021-03-23 09:53:50,2021-03-23 10:23:03,IP Address,100,1752,True,2021-03-23 10:23:03,R_wRA4DCdaHyJyCvn,anonymous,EN,5ea925adf0ff0739ccf94b45,Yes,0,Female,I agree,5,8,40,4,1,36.865,118.012,126.919,6,84,22,4400,130,4,2.087,2.087,3.064,1,5,1.627,1.627,2.617,1,3,11.22,11.22,12.567,1,1,1.74,1.74,2.59,1,2,28.003,28.003,28.89,1,2,30.845,30.845,32.075,1,1,1.855,1.855,2.635,1,2,1.748,1.748,2.441,1,4,13.576,13.576,14.536,1,4,3.259,3.259,4.496,1,4,15.149,15.149,16.069,1,1,68.407,68.407,69.408,1,4,2.491,2.491,3.245,1,2,4.145,4.145,4.973,1,5,2.288,2.288,3.325,1,1,4.103,4.103,4.967,1,1,21.11,21.11,22.17,1,1,1.929,1.929,2.672,1,22.091,330.871,333.395,8,9,6,3,7,1175,200,4,1.882,1.882,3.204,1,4,1.663,3.464,4.22,2,2,1.504,1.504,2.142,1,2,4.714,4.714,5.66,1,4,7.331,7.331,8.254,1,4,3.805,3.805,4.579,1,2,6.394,6.394,7.388,1,2,14.884,14.884,15.89,1,2,1.405,1.405,2.209,1,4,6.838,6.838,9.817,1,4,2.905,2.905,3.745,1,5,2.604,2.604,3.609,1,2,8.734,8.734,9.599,1,3,44.572,44.572,45.61,1,3,47.299,47.299,48.272,1,5,27.976,27.976,28.79,1,1,1.576,1.576,2.262,1,1,61.553,61.553,62.498,1,1
2021-03-23 10:35:35,2021-03-23 10:45:00,IP Address,100,564,True,2021-03-23 10:45:00,R_1pYvNKfQK3SCVVg,anonymous,EN,5c8a2d11f7ab04001042af3c,Yes,0,Male,I agree,5,8,40,5,1,34.07,125.04,126.496,31,84,22,4400,130,1,6.068,6.068,6.747,1,5,2.524,2.524,3.187,1,4,2.442,2.442,3.105,1,4,3.171,3.835,4.747,2,3,1.503,1.503,2.628,1,3,7.312,7.992,9.072,2,4,2.242,2.242,2.929,1,4,3.319,4.919,5.495,2,4,2.483,2.987,5.13,2,3,4.536,4.536,5.696,1,4,1.774,1.774,2.462,1,1,3.885,3.885,4.51,1,5,2.493,3.157,3.574,2,4,3.803,3.803,4.6,1,5,1.761,1.761,2.352,1,1,4.871,4.871,5.392,1,1,3.38,3.38,4.42,1,1,2.768,2.768,3.481,1,16.548,168.807,170.007,28,9,6,3,7,1175,200,4,3.601,3.601,4.299,1,4,1.901,1.901,2.587,1,4,2.277,2.277,3.588,1,4,2.38,2.38,2.971,1,3,2.101,2.101,2.764,1,4,1.885,1.885,2.469,1,4,3.2,3.2,3.831,1,4,3.525,3.525,4.092,1,3,1.668,1.668,3.004,1,4,3.726,3.726,9.917,1,4,2.397,2.397,2.941,1,4,1.912,1.912,2.576,1,5,1.749,1.749,2.429,1,1,3.196,5.669,6.199,2,2,3.671,3.671,4.429,1,4,1.399,1.399,2.295,1,1,1.463,1.463,2.568,1,5,1.568,1.568,2.215,1,1
2021-03-25 06:36:09,2021-03-25 06:43:33,IP Address,100,444,True,2021-03-25 06:43:34,R_2wGH3xUcZfQsSIJ,anonymous,EN,5caf6627fdc8a300121bc4cf,Yes,0,Female,I agree,5,8,40,5,3,1.397,159.508,163.779,69,84,22,4400,130,5,0.768,2.484,3.978,3,5,1.219,1.219,1.912,1,4,0.593,0.593,1.169,1,5,1.891,1.891,2.804,1,3,2.071,2.071,2.647,1,1,1.105,1.105,1.705,1,2,2.218,2.218,2.982,1,3,9.936,9.936,10.679,1,3,1.723,1.723,2.4,1,3,7.644,7.644,8.221,1,4,0.893,0.893,1.995,1,4,0.67,0.67,1.465,1,3,1.133,1.856,1.899,2,3,0.767,1.446,1.47,2,3,0.519,0.519,1.174,1,4,1.031,1.031,1.741,1,4,0.863,0.863,1.518,1,5,1.447,1.447,2.05,1,0.086,66.704,69.694,34,9,6,3,7,1175,200,2,1.083,1.745,2.453,2,3,1.111,1.111,1.889,1,2,4.799,4.799,5.734,1,2,1.43,2.248,2.281,2,4,0.796,0.796,1.682,1,3,1.586,1.586,2.241,1,2,0.912,0.912,1.794,1,2,7.348,7.348,8.102,1,2,4.219,4.219,6.977,1,2,0.586,1.195,1.232,2,2,0.712,0.712,1.478,1,2,0.489,0.489,1.201,1,2,0.949,0.949,1.742,1,3,1.259,1.259,1.943,1,3,0.742,0.742,1.533,1,5,1.356,3.138,4.062,3,2,0.618,0.618,1.365,1,3,0.911,3.753,4.674,2,2
2021-03-25 06:36:13,2021-03-25 06:43:44,IP Address,100,451,True,2021-03-25 06:43:45,R_0CjLKgvf1I5GN5T,anonymous,EN,600a36e5f13c1218ec6a81f3,Yes,1,Male,I agree,5,8,40,5,1,8.358,97.313,104.572,4,84,22,4400,130,1,2.294,2.294,3.302,1,5,1.225,1.225,2.132,1,5,2.92,2.92,3.762,1,5,1.3,1.3,1.989,1,5,1.471,1.471,2.109,1,5,1.134,1.134,3.108,1,5,1.8,2.302,3.094,2,5,1.831,3.251,3.875,2,5,1.005,1.005,1.636,1,5,1.088,1.088,1.887,1,5,1.739,1.739,2.256,1,1,2.422,2.422,3.128,1,5,1.56,1.56,2.364,1,5,1.637,2.299,3.237,3,5,3.333,3.333,4.632,1,1,2.247,2.247,2.905,1,1,2.972,2.972,4.053,1,1,37.763,37.763,38.874,1,18.845,18.845,45.657,1,9,6,3,7,1175,200,5,2.215,2.753,3.845,2,1,1.995,1.995,2.658,1,5,4.436,4.436,5.353,1,5,1.083,1.423,3.128,2,5,3.16,3.16,4.485,1,5,1.512,2.8,4.087,2,5,2.039,2.381,3.565,2,5,2.417,2.417,3.1,1,5,2.48,2.48,3.206,1,5,1.057,1.057,1.831,1,5,4.081,8.017,8.499,5,5,1.241,1.241,2.194,1,5,3.144,3.144,3.878,1,2,4.147,6.479,7.436,2,2,2.113,7.071,7.81,6,5,1.498,1.882,2.647,2,1,1.202,1.6,2.442,2,1,1.507,1.869,2.607,2,2
2021-03-25 06:36:13,2021-03-25 06:43:46,IP Address,100,452,True,2021-03-25 06:43:46,R_3qanmhYbnE5k9yk,anonymous,EN,604f7f49bdb53294916cb75c,Yes,0,Female,I agree,5,8,40,5,1,5.385,65.461,68.09,32,84,22,4400,130,1,3.048,3.825,7.206,2,5,1.577,1.577,3.183,1,4,4.088,4.088,4.934,1,3,3.866,12.544,13.471,7,5,3.251,3.251,4.169,1,5,3.496,3.496,4.49,1,4,5.452,5.452,6.519,1,5,5.524,5.524,6.235,1,4,5.185,7.708,7.749,4,4,3.321,5.919,6.707,3,5,3.196,3.196,4.777,1,1,1.887,6.523,7.546,2,5,4.065,4.065,4.77,1,5,2.133,2.133,3.224,1,5,1.86,1.86,3.009,1,1,1.289,1.908,2.933,2,1,1.744,4.376,5.564,3,1,1.765,1.765,2.918,1,1.691,63.299,64.504,34,9,6,3,7,1175,200,5,2.189,5.768,6.884,3,1,1.236,2.421,3.568,3,3,0.811,8.924,9.317,4,4,1.159,5.428,6.478,6,5,1.044,4.101,5.445,3,5,1.065,2.431,5.428,3,5,1.517,6.01,7.08,3,3,1.081,3.714,4.658,3,5,1.093,7.775,8.165,4,3,1.02,4.263,6.884,3,4,1.791,6.543,7.672,6,5,1.022,2.038,5.833,3,5,1.073,3.084,3.476,4,2,1.054,3.999,4.886,3,2,1.357,7.276,7.669,7,5,1.141,2.035,4.353,3,1,0.931,1.845,3.179,3,1,1.074,1.9,2.901,3,2
2021-03-25 06:36:10,2021-03-25 06:44:33,IP Address,100,503,True,2021-03-25 06:44:34,R_1d9OOOZwpAH4WkY,anonymous,EN,5e07aa9cb638531138f72587,Yes,0,Male,I agree,5,8,40,5,1,48.309,112.44,122.446,8,84,22,4400,130,1,2.613,2.613,3.65,1,5,2.329,2.329,3.042,1,5,2.209,3.494,3.938,2,5,4.136,4.136,4.903,1,5,3.115,3.115,4.356,1,5,1.862,2.45,2.912,2,5,2.732,2.732,4.237,1,5,3.205,3.205,4.647,1,5,2.053,2.053,3.291,1,5,2.291,2.872,4.312,2,3,4.815,4.815,5.955,1,5,2.289,3.358,4.905,2,5,2.406,3.15,3.948,2,5,1.893,2.451,3.396,2,5,2.243,2.243,3.195,1,1,2.094,3.124,4.092,2,1,2.368,3.196,4.155,2,1,2.302,2.302,3.318,1,30.939,80.327,83.322,7,9,6,3,7,1175,200,5,3.03,3.03,5.044,1,5,2.807,2.807,4.451,1,5,2.326,2.326,3.797,1,5,3.113,3.113,4.647,1,2,4.648,4.648,5.547,1,5,2.663,3.271,4.688,2,5,3.393,3.393,4.359,1,5,3.129,3.129,4.267,1,5,3.232,3.232,4.261,1,2,4.98,4.98,9.48,1,5,2.36,2.36,4.602,1,5,2.008,2.008,2.792,1,5,3.385,6.359,8.97,3,1,3.931,3.931,4.817,1,3,7.055,7.75,8.828,2,5,2.439,3.073,4.122,2,1,3.043,3.043,4.003,1,1,2.314,2.314,3.496,1,1
2021-03-25 06:36:13,2021-03-25 06:45:05,IP Address,100,532,True,2021-03-25 06:45:06,R_1N4TKIWRRVOPMW5,anonymous,EN,5994a22bbf8bcf0001ab6982,Yes,0,Female,I agree,5,8,40,5,4,1.805,93.018,96.372,38,84,22,4400,130,4,2.042,3.209,5.245,3,5,1.226,2.46,3.486,3,3,1.585,3.233,4.192,3,2,2.504,2.895,3.701,2,3,2.111,2.501,3.469,2,3,9.696,10.645,11.696,3,3,5.111,5.4,6.474,2,2,2.953,4.034,4.744,4,3,2.214,2.604,3.895,2,4,2.673,3.063,4.073,2,1,2.407,2.799,3.751,2,1,2.294,2.685,3.686,2,2,1.579,3.769,4.877,3,4,5.916,6.898,7.282,2,4,1.691,2.081,3.033,2,1,3.087,3.477,4.468,2,1,2.529,2.918,4.255,2,1,3.611,4.001,4.966,2,1.624,93.044,96.508,44,9,6,3,7,1175,200,4,1.381,3.607,4.513,3,1,2.865,2.865,3.637,1,2,4.315,4.315,5.091,1,2,13.166,13.949,14.776,2,5,3.198,3.198,4.182,1,3,7.137,7.137,7.916,1,3,2.098,2.098,2.835,1,5,2.165,3.904,3.934,2,3,2.33,2.33,2.997,1,3,2.901,2.901,3.647,1,3,14.244,44.341,45.888,2,5,1.946,1.946,2.656,1,3,3.439,3.439,4.212,1,1,2.669,2.669,3.337,1,1,12.012,12.79,13.595,2,4,2.542,4.509,5.616,2,1,2.806,2.806,3.52,1,5,1.214,2.113,4.055,2,2
