participant,id,adjectivestring,filler_acceptability,item_type,scenario,adj_target,adj_secondary,adj_secondary_type,order,group,condition,response,time
1,tv_test_1,big expensive,,test,tv,big,expensive,scalar,first,2,unimodal,5,18.814
1,tv_test_2,expensive big,,test,tv,big,expensive,scalar,second,2,unimodal,3,6.329
1,tv_test_3,refurbished big,,test,tv,big,refurbished,absolute,second,2,unimodal,5,2.578
1,tv_test_4,big refurbished,,test,tv,big,refurbished,absolute,first,2,unimodal,5,6.122
1,tv_test_5,big cheap,,test,tv,big,cheap,scalar,first,2,unimodal,5,2.567
1,tv_test_6,cheap big,,test,tv,big,cheap,scalar,second,2,unimodal,5,3.349
1,tv_test_7,big discounted,,test,tv,big,discounted,absolute,first,2,unimodal,5,1.874
1,tv_test_8,discounted big,,test,tv,big,discounted,absolute,second,2,unimodal,5,3.003
1,ch_test_1,long expensive,,test,couch,long,expensive,scalar,first,2,bimodal,5,1.712
1,ch_test_2,expensive long,,test,couch,long,expensive,scalar,second,2,bimodal,5,1.78
1,ch_test_3,leather long,,test,couch,long,leather,absolute,second,2,bimodal,5,2.025
1,ch_test_4,long leather,,test,couch,long,leather,absolute,first,2,bimodal,5,1.452
1,ch_test_5,cheap long,,test,couch,long,cheap,scalar,second,2,bimodal,5,1.279
1,ch_test_6,long cheap,,test,couch,long,cheap,scalar,first,2,bimodal,4,4.341
1,ch_test_7,discounted long,,test,couch,long,discounted,absolute,second,2,bimodal,4,1.738
1,ch_test_8,long discounted,,test,couch,long,discounted,absolute,first,2,bimodal,5,6.559
1,tv_filler_1,,questionable,filler,tv,,,,,2,unimodal,3,7.841
1,tv_filler_2,,questionable,filler,tv,,,,,2,unimodal,1,3.044
1,tv_filler_3,,acceptable,filler,tv,,,,,2,unimodal,4,14.646
1,tv_filler_4,,acceptable,filler,tv,,,,,2,unimodal,5,9.351
1,tv_filler_5,,acceptable,filler,tv,,,,,2,unimodal,5,4.183
1,tv_filler_6,,unacceptable,filler,tv,,,,,2,unimodal,5,2.669
1,tv_filler_7,,unacceptable,filler,tv,,,,,2,unimodal,1,2.305
1,tv_filler_8,,unacceptable,filler,tv,,,,,2,unimodal,5,1.753
1,tv_filler_9,,unacceptable,filler,tv,,,,,2,unimodal,1,45.031
1,tv_filler_10,,acceptable,filler,tv,,,,,2,unimodal,5,3.313
1,ch_filler_1,,questionable,filler,couch,,,,,2,bimodal,5,1.445
1,ch_filler_2,,acceptable,filler,couch,,,,,2,bimodal,5,1.544
1,ch_filler_3,,acceptable,filler,couch,,,,,2,bimodal,5,2.19
1,ch_filler_4,,questionable,filler,couch,,,,,2,bimodal,5,2.663
1,ch_filler_5,,questionable,filler,couch,,,,,2,bimodal,3,2.964
1,ch_filler_6,,acceptable,filler,couch,,,,,2,bimodal,5,1.369
1,ch_filler_7,,unacceptable,filler,couch,,,,,2,bimodal,1,1.615
1,ch_filler_8,,unacceptable,filler,couch,,,,,2,bimodal,1,2.505
1,ch_filler_9,,acceptable,filler,couch,,,,,2,bimodal,4,6.651
1,ch_filler_10,,unacceptable,filler,couch,,,,,2,bimodal,5,3.847
2,tv_test_1,big expensive,,test,tv,big,expensive,scalar,first,2,unimodal,4,4.713
2,tv_test_2,expensive big,,test,tv,big,expensive,scalar,second,2,unimodal,4,4.098
2,tv_test_3,refurbished big,,test,tv,big,refurbished,absolute,second,2,unimodal,3,3.444
2,tv_test_4,big refurbished,,test,tv,big,refurbished,absolute,first,2,unimodal,4,5.917
2,tv_test_5,big cheap,,test,tv,big,cheap,scalar,first,2,unimodal,4,3.265
2,tv_test_6,cheap big,,test,tv,big,cheap,scalar,second,2,unimodal,5,6.147
2,tv_test_7,big discounted,,test,tv,big,discounted,absolute,first,2,unimodal,5,19.08
2,tv_test_8,discounted big,,test,tv,big,discounted,absolute,second,2,unimodal,5,3.356
2,ch_test_1,long expensive,,test,couch,long,expensive,scalar,first,2,bimodal,2,4.715
2,ch_test_2,expensive long,,test,couch,long,expensive,scalar,second,2,bimodal,2,3.91
2,ch_test_3,leather long,,test,couch,long,leather,absolute,second,2,bimodal,3,6.662
2,ch_test_4,long leather,,test,couch,long,leather,absolute,first,2,bimodal,3,3.236
2,ch_test_5,cheap long,,test,couch,long,cheap,scalar,second,2,bimodal,5,4.393
2,ch_test_6,long cheap,,test,couch,long,cheap,scalar,first,2,bimodal,3,3.81
2,ch_test_7,discounted long,,test,couch,long,discounted,absolute,second,2,bimodal,2,6.379
2,ch_test_8,long discounted,,test,couch,long,discounted,absolute,first,2,bimodal,5,7.499
2,tv_filler_1,,questionable,filler,tv,,,,,2,unimodal,3,6.013
2,tv_filler_2,,questionable,filler,tv,,,,,2,unimodal,3,3.112
2,tv_filler_3,,acceptable,filler,tv,,,,,2,unimodal,4,2.832
2,tv_filler_4,,acceptable,filler,tv,,,,,2,unimodal,5,2.197
2,tv_filler_5,,acceptable,filler,tv,,,,,2,unimodal,5,8.803
2,tv_filler_6,,unacceptable,filler,tv,,,,,2,unimodal,1,3.067
2,tv_filler_7,,unacceptable,filler,tv,,,,,2,unimodal,1,4.889
2,tv_filler_8,,unacceptable,filler,tv,,,,,2,unimodal,1,2.311
2,tv_filler_9,,unacceptable,filler,tv,,,,,2,unimodal,1,12.679
2,tv_filler_10,,acceptable,filler,tv,,,,,2,unimodal,5,2.821
2,ch_filler_1,,questionable,filler,couch,,,,,2,bimodal,4,12.847
2,ch_filler_2,,acceptable,filler,couch,,,,,2,bimodal,5,3.296
2,ch_filler_3,,acceptable,filler,couch,,,,,2,bimodal,4,5.853
2,ch_filler_4,,questionable,filler,couch,,,,,2,bimodal,4,4.847
2,ch_filler_5,,questionable,filler,couch,,,,,2,bimodal,3,6.672
2,ch_filler_6,,acceptable,filler,couch,,,,,2,bimodal,4,3.984
2,ch_filler_7,,unacceptable,filler,couch,,,,,2,bimodal,1,4.213
2,ch_filler_8,,unacceptable,filler,couch,,,,,2,bimodal,1,3.726
2,ch_filler_9,,acceptable,filler,couch,,,,,2,bimodal,4,4.898
2,ch_filler_10,,unacceptable,filler,couch,,,,,2,bimodal,5,2.861
3,tv_test_1,big expensive,,test,tv,big,expensive,scalar,first,2,unimodal,4,3.487
3,tv_test_2,expensive big,,test,tv,big,expensive,scalar,second,2,unimodal,5,2.278
3,tv_test_3,refurbished big,,test,tv,big,refurbished,absolute,second,2,unimodal,4,6.412
3,tv_test_4,big refurbished,,test,tv,big,refurbished,absolute,first,2,unimodal,5,2.392
3,tv_test_5,big cheap,,test,tv,big,cheap,scalar,first,2,unimodal,4,1.889
3,tv_test_6,cheap big,,test,tv,big,cheap,scalar,second,2,unimodal,4,1.91
3,tv_test_7,big discounted,,test,tv,big,discounted,absolute,first,2,unimodal,5,2.159
3,tv_test_8,discounted big,,test,tv,big,discounted,absolute,second,2,unimodal,4,2.039
3,ch_test_1,long expensive,,test,couch,long,expensive,scalar,first,2,bimodal,4,2.776
3,ch_test_2,expensive long,,test,couch,long,expensive,scalar,second,2,bimodal,4,1.816
3,ch_test_3,leather long,,test,couch,long,leather,absolute,second,2,bimodal,2,2.474
3,ch_test_4,long leather,,test,couch,long,leather,absolute,first,2,bimodal,4,1.794
3,ch_test_5,cheap long,,test,couch,long,cheap,scalar,second,2,bimodal,4,2.994
3,ch_test_6,long cheap,,test,couch,long,cheap,scalar,first,2,bimodal,4,20.642
3,ch_test_7,discounted long,,test,couch,long,discounted,absolute,second,2,bimodal,4,1.78
3,ch_test_8,long discounted,,test,couch,long,discounted,absolute,first,2,bimodal,4,5.043
3,tv_filler_1,,questionable,filler,tv,,,,,2,unimodal,3,2.175
3,tv_filler_2,,questionable,filler,tv,,,,,2,unimodal,2,6.973
3,tv_filler_3,,acceptable,filler,tv,,,,,2,unimodal,5,2.627
3,tv_filler_4,,acceptable,filler,tv,,,,,2,unimodal,5,4.651
3,tv_filler_5,,acceptable,filler,tv,,,,,2,unimodal,5,1.683
3,tv_filler_6,,unacceptable,filler,tv,,,,,2,unimodal,1,1.501
3,tv_filler_7,,unacceptable,filler,tv,,,,,2,unimodal,1,2.114
3,tv_filler_8,,unacceptable,filler,tv,,,,,2,unimodal,1,1.823
3,tv_filler_9,,unacceptable,filler,tv,,,,,2,unimodal,1,1.859
3,tv_filler_10,,acceptable,filler,tv,,,,,2,unimodal,4,1.602
3,ch_filler_1,,questionable,filler,couch,,,,,2,bimodal,3,3.945
3,ch_filler_2,,acceptable,filler,couch,,,,,2,bimodal,4,1.722
3,ch_filler_3,,acceptable,filler,couch,,,,,2,bimodal,4,6.301
3,ch_filler_4,,questionable,filler,couch,,,,,2,bimodal,3,2.182
3,ch_filler_5,,questionable,filler,couch,,,,,2,bimodal,2,2.776
3,ch_filler_6,,acceptable,filler,couch,,,,,2,bimodal,4,1.889
3,ch_filler_7,,unacceptable,filler,couch,,,,,2,bimodal,1,1.753
3,ch_filler_8,,unacceptable,filler,couch,,,,,2,bimodal,1,2.826
3,ch_filler_9,,acceptable,filler,couch,,,,,2,bimodal,4,3.287
3,ch_filler_10,,unacceptable,filler,couch,,,,,2,bimodal,1,2.999
4,tv_test_1,big expensive,,test,tv,big,expensive,scalar,first,2,unimodal,5,3.348
4,tv_test_2,expensive big,,test,tv,big,expensive,scalar,second,2,unimodal,5,4.769
4,tv_test_3,refurbished big,,test,tv,big,refurbished,absolute,second,2,unimodal,5,7.504
4,tv_test_4,big refurbished,,test,tv,big,refurbished,absolute,first,2,unimodal,5,7.652
4,tv_test_5,big cheap,,test,tv,big,cheap,scalar,first,2,unimodal,5,3.606
4,tv_test_6,cheap big,,test,tv,big,cheap,scalar,second,2,unimodal,5,4.537
4,tv_test_7,big discounted,,test,tv,big,discounted,absolute,first,2,unimodal,5,3.177
4,tv_test_8,discounted big,,test,tv,big,discounted,absolute,second,2,unimodal,5,5.622
4,ch_test_1,long expensive,,test,couch,long,expensive,scalar,first,2,bimodal,5,6.204
4,ch_test_2,expensive long,,test,couch,long,expensive,scalar,second,2,bimodal,5,4.874
4,ch_test_3,leather long,,test,couch,long,leather,absolute,second,2,bimodal,5,2.608
4,ch_test_4,long leather,,test,couch,long,leather,absolute,first,2,bimodal,5,3.892
4,ch_test_5,cheap long,,test,couch,long,cheap,scalar,second,2,bimodal,5,3.763
4,ch_test_6,long cheap,,test,couch,long,cheap,scalar,first,2,bimodal,5,2.907
4,ch_test_7,discounted long,,test,couch,long,discounted,absolute,second,2,bimodal,5,8.182
4,ch_test_8,long discounted,,test,couch,long,discounted,absolute,first,2,bimodal,5,3.225
4,tv_filler_1,,questionable,filler,tv,,,,,2,unimodal,4,5.805
4,tv_filler_2,,questionable,filler,tv,,,,,2,unimodal,1,3.434
4,tv_filler_3,,acceptable,filler,tv,,,,,2,unimodal,5,3.718
4,tv_filler_4,,acceptable,filler,tv,,,,,2,unimodal,5,2.449
4,tv_filler_5,,acceptable,filler,tv,,,,,2,unimodal,5,3.507
4,tv_filler_6,,unacceptable,filler,tv,,,,,2,unimodal,1,2.636
4,tv_filler_7,,unacceptable,filler,tv,,,,,2,unimodal,1,2.098
4,tv_filler_8,,unacceptable,filler,tv,,,,,2,unimodal,1,2.209
4,tv_filler_9,,unacceptable,filler,tv,,,,,2,unimodal,1,5.222
4,tv_filler_10,,acceptable,filler,tv,,,,,2,unimodal,5,4.065
4,ch_filler_1,,questionable,filler,couch,,,,,2,bimodal,4,5.576
4,ch_filler_2,,acceptable,filler,couch,,,,,2,bimodal,5,2.957
4,ch_filler_3,,acceptable,filler,couch,,,,,2,bimodal,5,2.677
4,ch_filler_4,,questionable,filler,couch,,,,,2,bimodal,1,7.397
4,ch_filler_5,,questionable,filler,couch,,,,,2,bimodal,1,4.208
4,ch_filler_6,,acceptable,filler,couch,,,,,2,bimodal,5,3.438
4,ch_filler_7,,unacceptable,filler,couch,,,,,2,bimodal,1,2.419
4,ch_filler_8,,unacceptable,filler,couch,,,,,2,bimodal,1,3.021
4,ch_filler_9,,acceptable,filler,couch,,,,,2,bimodal,5,3.242
4,ch_filler_10,,unacceptable,filler,couch,,,,,2,bimodal,1,2.394
5,tv_test_1,big expensive,,test,tv,big,expensive,scalar,first,1,bimodal,5,4.008
5,tv_test_2,expensive big,,test,tv,big,expensive,scalar,second,1,bimodal,4,12.884
5,tv_test_3,refurbished big,,test,tv,big,refurbished,absolute,second,1,bimodal,4,11.058
5,tv_test_4,big refurbished,,test,tv,big,refurbished,absolute,first,1,bimodal,5,3.942
5,tv_test_5,big cheap,,test,tv,big,cheap,scalar,first,1,bimodal,5,2.756
5,tv_test_6,cheap big,,test,tv,big,cheap,scalar,second,1,bimodal,3,10.41
5,tv_test_7,big discounted,,test,tv,big,discounted,absolute,first,1,bimodal,5,2.657
5,tv_test_8,discounted big,,test,tv,big,discounted,absolute,second,1,bimodal,5,7.338
5,ch_test_1,long expensive,,test,couch,long,expensive,scalar,first,1,unimodal,5,3.822
5,ch_test_2,expensive long,,test,couch,long,expensive,scalar,second,1,unimodal,5,4.509
5,ch_test_3,leather long,,test,couch,long,leather,absolute,second,1,unimodal,2,7.586
5,ch_test_4,long leather,,test,couch,long,leather,absolute,first,1,unimodal,5,3.301
5,ch_test_5,cheap long,,test,couch,long,cheap,scalar,second,1,unimodal,5,3.401
5,ch_test_6,long cheap,,test,couch,long,cheap,scalar,first,1,unimodal,5,5.311
5,ch_test_7,discounted long,,test,couch,long,discounted,absolute,second,1,unimodal,5,3.475
5,ch_test_8,long discounted,,test,couch,long,discounted,absolute,first,1,unimodal,5,2.843
5,tv_filler_1,,questionable,filler,tv,,,,,1,bimodal,5,3.142
5,tv_filler_2,,questionable,filler,tv,,,,,1,bimodal,1,6.871
5,tv_filler_3,,acceptable,filler,tv,,,,,1,bimodal,5,4.025
5,tv_filler_4,,acceptable,filler,tv,,,,,1,bimodal,5,4.039
5,tv_filler_5,,acceptable,filler,tv,,,,,1,bimodal,5,3.017
5,tv_filler_6,,unacceptable,filler,tv,,,,,1,bimodal,1,2.762
5,tv_filler_7,,unacceptable,filler,tv,,,,,1,bimodal,1,2.465
5,tv_filler_8,,unacceptable,filler,tv,,,,,1,bimodal,1,2.15
5,tv_filler_9,,unacceptable,filler,tv,,,,,1,bimodal,1,3.983
5,tv_filler_10,,acceptable,filler,tv,,,,,1,bimodal,5,2.791
5,ch_filler_1,,questionable,filler,couch,,,,,1,unimodal,5,3.589
5,ch_filler_2,,acceptable,filler,couch,,,,,1,unimodal,5,2.089
5,ch_filler_3,,acceptable,filler,couch,,,,,1,unimodal,5,4.645
5,ch_filler_4,,questionable,filler,couch,,,,,1,unimodal,5,4.956
5,ch_filler_5,,questionable,filler,couch,,,,,1,unimodal,2,9.858
5,ch_filler_6,,acceptable,filler,couch,,,,,1,unimodal,5,2.742
5,ch_filler_7,,unacceptable,filler,couch,,,,,1,unimodal,1,3.501
5,ch_filler_8,,unacceptable,filler,couch,,,,,1,unimodal,1,2.423
5,ch_filler_9,,acceptable,filler,couch,,,,,1,unimodal,5,8.278
5,ch_filler_10,,unacceptable,filler,couch,,,,,1,unimodal,1,4.038
6,tv_test_1,big expensive,,test,tv,big,expensive,scalar,first,2,unimodal,3,6.365
6,tv_test_2,expensive big,,test,tv,big,expensive,scalar,second,2,unimodal,4,4.63
6,tv_test_3,refurbished big,,test,tv,big,refurbished,absolute,second,2,unimodal,3,4.126
6,tv_test_4,big refurbished,,test,tv,big,refurbished,absolute,first,2,unimodal,4,6.492
6,tv_test_5,big cheap,,test,tv,big,cheap,scalar,first,2,unimodal,3,5.426
6,tv_test_6,cheap big,,test,tv,big,cheap,scalar,second,2,unimodal,4,4.129
6,tv_test_7,big discounted,,test,tv,big,discounted,absolute,first,2,unimodal,2,4.616
6,tv_test_8,discounted big,,test,tv,big,discounted,absolute,second,2,unimodal,5,3.355
6,ch_test_1,long expensive,,test,couch,long,expensive,scalar,first,2,bimodal,2,3.579
6,ch_test_2,expensive long,,test,couch,long,expensive,scalar,second,2,bimodal,4,3.399
6,ch_test_3,leather long,,test,couch,long,leather,absolute,second,2,bimodal,1,2.243
6,ch_test_4,long leather,,test,couch,long,leather,absolute,first,2,bimodal,5,3.118
6,ch_test_5,cheap long,,test,couch,long,cheap,scalar,second,2,bimodal,4,7.046
6,ch_test_6,long cheap,,test,couch,long,cheap,scalar,first,2,bimodal,2,5.628
6,ch_test_7,discounted long,,test,couch,long,discounted,absolute,second,2,bimodal,4,6.964
6,ch_test_8,long discounted,,test,couch,long,discounted,absolute,first,2,bimodal,2,3.766
6,tv_filler_1,,questionable,filler,tv,,,,,2,unimodal,5,2.331
6,tv_filler_2,,questionable,filler,tv,,,,,2,unimodal,2,4.002
6,tv_filler_3,,acceptable,filler,tv,,,,,2,unimodal,5,6.476
6,tv_filler_4,,acceptable,filler,tv,,,,,2,unimodal,4,2.444
6,tv_filler_5,,acceptable,filler,tv,,,,,2,unimodal,5,2.814
6,tv_filler_6,,unacceptable,filler,tv,,,,,2,unimodal,1,1.958
6,tv_filler_7,,unacceptable,filler,tv,,,,,2,unimodal,1,2.248
6,tv_filler_8,,unacceptable,filler,tv,,,,,2,unimodal,1,1.767
6,tv_filler_9,,unacceptable,filler,tv,,,,,2,unimodal,1,2.462
6,tv_filler_10,,acceptable,filler,tv,,,,,2,unimodal,5,6.67
6,ch_filler_1,,questionable,filler,couch,,,,,2,bimodal,5,5.286
6,ch_filler_2,,acceptable,filler,couch,,,,,2,bimodal,5,2.57
6,ch_filler_3,,acceptable,filler,couch,,,,,2,bimodal,5,3.517
6,ch_filler_4,,questionable,filler,couch,,,,,2,bimodal,5,3.365
6,ch_filler_5,,questionable,filler,couch,,,,,2,bimodal,2,6.783
6,ch_filler_6,,acceptable,filler,couch,,,,,2,bimodal,5,2.863
6,ch_filler_7,,unacceptable,filler,couch,,,,,2,bimodal,1,2.007
6,ch_filler_8,,unacceptable,filler,couch,,,,,2,bimodal,1,2.558
6,ch_filler_9,,acceptable,filler,couch,,,,,2,bimodal,4,5.753
6,ch_filler_10,,unacceptable,filler,couch,,,,,2,bimodal,1,4.047
7,tv_test_1,big expensive,,test,tv,big,expensive,scalar,first,1,bimodal,4,2.854
7,tv_test_2,expensive big,,test,tv,big,expensive,scalar,second,1,bimodal,5,3.377
7,tv_test_3,refurbished big,,test,tv,big,refurbished,absolute,second,1,bimodal,4,3.01
7,tv_test_4,big refurbished,,test,tv,big,refurbished,absolute,first,1,bimodal,5,3.232
7,tv_test_5,big cheap,,test,tv,big,cheap,scalar,first,1,bimodal,4,4.657
7,tv_test_6,cheap big,,test,tv,big,cheap,scalar,second,1,bimodal,5,2.525
7,tv_test_7,big discounted,,test,tv,big,discounted,absolute,first,1,bimodal,5,2.729
7,tv_test_8,discounted big,,test,tv,big,discounted,absolute,second,1,bimodal,4,3.823
7,ch_test_1,long expensive,,test,couch,long,expensive,scalar,first,1,unimodal,5,1.75
7,ch_test_2,expensive long,,test,couch,long,expensive,scalar,second,1,unimodal,4,2.413
7,ch_test_3,leather long,,test,couch,long,leather,absolute,second,1,unimodal,4,2.024
7,ch_test_4,long leather,,test,couch,long,leather,absolute,first,1,unimodal,5,6.727
7,ch_test_5,cheap long,,test,couch,long,cheap,scalar,second,1,unimodal,4,2.269
7,ch_test_6,long cheap,,test,couch,long,cheap,scalar,first,1,unimodal,4,2.406
7,ch_test_7,discounted long,,test,couch,long,discounted,absolute,second,1,unimodal,5,2.896
7,ch_test_8,long discounted,,test,couch,long,discounted,absolute,first,1,unimodal,5,4.577
7,tv_filler_1,,questionable,filler,tv,,,,,1,bimodal,4,2.184
7,tv_filler_2,,questionable,filler,tv,,,,,1,bimodal,2,7.135
7,tv_filler_3,,acceptable,filler,tv,,,,,1,bimodal,5,2.267
7,tv_filler_4,,acceptable,filler,tv,,,,,1,bimodal,5,3.324
7,tv_filler_5,,acceptable,filler,tv,,,,,1,bimodal,5,2.229
7,tv_filler_6,,unacceptable,filler,tv,,,,,1,bimodal,5,1.926
7,tv_filler_7,,unacceptable,filler,tv,,,,,1,bimodal,1,4.572
7,tv_filler_8,,unacceptable,filler,tv,,,,,1,bimodal,1,3.448
7,tv_filler_9,,unacceptable,filler,tv,,,,,1,bimodal,1,4.243
7,tv_filler_10,,acceptable,filler,tv,,,,,1,bimodal,5,1.796
7,ch_filler_1,,questionable,filler,couch,,,,,1,unimodal,5,4.227
7,ch_filler_2,,acceptable,filler,couch,,,,,1,unimodal,5,1.306
7,ch_filler_3,,acceptable,filler,couch,,,,,1,unimodal,5,3.795
7,ch_filler_4,,questionable,filler,couch,,,,,1,unimodal,4,2.657
7,ch_filler_5,,questionable,filler,couch,,,,,1,unimodal,4,2.818
7,ch_filler_6,,acceptable,filler,couch,,,,,1,unimodal,5,2.6
7,ch_filler_7,,unacceptable,filler,couch,,,,,1,unimodal,1,4.08
7,ch_filler_8,,unacceptable,filler,couch,,,,,1,unimodal,5,1.715
7,ch_filler_9,,acceptable,filler,couch,,,,,1,unimodal,5,2.66
7,ch_filler_10,,unacceptable,filler,couch,,,,,1,unimodal,1,2.603
8,tv_test_1,big expensive,,test,tv,big,expensive,scalar,first,1,bimodal,5,2.1
8,tv_test_2,expensive big,,test,tv,big,expensive,scalar,second,1,bimodal,5,3.509
8,tv_test_3,refurbished big,,test,tv,big,refurbished,absolute,second,1,bimodal,1,4.569
8,tv_test_4,big refurbished,,test,tv,big,refurbished,absolute,first,1,bimodal,5,2.693
8,tv_test_5,big cheap,,test,tv,big,cheap,scalar,first,1,bimodal,5,3.202
8,tv_test_6,cheap big,,test,tv,big,cheap,scalar,second,1,bimodal,5,4.251
8,tv_test_7,big discounted,,test,tv,big,discounted,absolute,first,1,bimodal,3,8.434
8,tv_test_8,discounted big,,test,tv,big,discounted,absolute,second,1,bimodal,5,6.736
8,ch_test_1,long expensive,,test,couch,long,expensive,scalar,first,1,unimodal,5,8.034
8,ch_test_2,expensive long,,test,couch,long,expensive,scalar,second,1,unimodal,5,3.139
8,ch_test_3,leather long,,test,couch,long,leather,absolute,second,1,unimodal,1,2.767
8,ch_test_4,long leather,,test,couch,long,leather,absolute,first,1,unimodal,5,3.102
8,ch_test_5,cheap long,,test,couch,long,cheap,scalar,second,1,unimodal,5,4.069
8,ch_test_6,long cheap,,test,couch,long,cheap,scalar,first,1,unimodal,5,2.78
8,ch_test_7,discounted long,,test,couch,long,discounted,absolute,second,1,unimodal,3,7.059
8,ch_test_8,long discounted,,test,couch,long,discounted,absolute,first,1,unimodal,4,3.448
8,tv_filler_1,,questionable,filler,tv,,,,,1,bimodal,5,6.175
8,tv_filler_2,,questionable,filler,tv,,,,,1,bimodal,2,12.641
8,tv_filler_3,,acceptable,filler,tv,,,,,1,bimodal,5,2.926
8,tv_filler_4,,acceptable,filler,tv,,,,,1,bimodal,5,4.894
8,tv_filler_5,,acceptable,filler,tv,,,,,1,bimodal,5,2.618
8,tv_filler_6,,unacceptable,filler,tv,,,,,1,bimodal,1,4.497
8,tv_filler_7,,unacceptable,filler,tv,,,,,1,bimodal,1,2.76
8,tv_filler_8,,unacceptable,filler,tv,,,,,1,bimodal,2,4.769
8,tv_filler_9,,unacceptable,filler,tv,,,,,1,bimodal,1,4.036
8,tv_filler_10,,acceptable,filler,tv,,,,,1,bimodal,5,2.06
8,ch_filler_1,,questionable,filler,couch,,,,,1,unimodal,5,2.95
8,ch_filler_2,,acceptable,filler,couch,,,,,1,unimodal,5,1.96
8,ch_filler_3,,acceptable,filler,couch,,,,,1,unimodal,5,2.863
8,ch_filler_4,,questionable,filler,couch,,,,,1,unimodal,5,1.965
8,ch_filler_5,,questionable,filler,couch,,,,,1,unimodal,5,3.076
8,ch_filler_6,,acceptable,filler,couch,,,,,1,unimodal,5,2.205
8,ch_filler_7,,unacceptable,filler,couch,,,,,1,unimodal,1,3.264
8,ch_filler_8,,unacceptable,filler,couch,,,,,1,unimodal,1,4.422
8,ch_filler_9,,acceptable,filler,couch,,,,,1,unimodal,5,2.431
8,ch_filler_10,,unacceptable,filler,couch,,,,,1,unimodal,1,3.715
9,tv_test_1,big expensive,,test,tv,big,expensive,scalar,first,2,unimodal,5,1.802
9,tv_test_2,expensive big,,test,tv,big,expensive,scalar,second,2,unimodal,5,2.048
9,tv_test_3,refurbished big,,test,tv,big,refurbished,absolute,second,2,unimodal,5,5.019
9,tv_test_4,big refurbished,,test,tv,big,refurbished,absolute,first,2,unimodal,5,1.772
9,tv_test_5,big cheap,,test,tv,big,cheap,scalar,first,2,unimodal,5,2.818
9,tv_test_6,cheap big,,test,tv,big,cheap,scalar,second,2,unimodal,5,2.221
9,tv_test_7,big discounted,,test,tv,big,discounted,absolute,first,2,unimodal,5,1.561
9,tv_test_8,discounted big,,test,tv,big,discounted,absolute,second,2,unimodal,5,4.202
9,ch_test_1,long expensive,,test,couch,long,expensive,scalar,first,2,bimodal,2,12.876
9,ch_test_2,expensive long,,test,couch,long,expensive,scalar,second,2,bimodal,5,2.387
9,ch_test_3,leather long,,test,couch,long,leather,absolute,second,2,bimodal,1,1.765
9,ch_test_4,long leather,,test,couch,long,leather,absolute,first,2,bimodal,5,1.81
9,ch_test_5,cheap long,,test,couch,long,cheap,scalar,second,2,bimodal,5,2.941
9,ch_test_6,long cheap,,test,couch,long,cheap,scalar,first,2,bimodal,2,3.273
9,ch_test_7,discounted long,,test,couch,long,discounted,absolute,second,2,bimodal,5,5.916
9,ch_test_8,long discounted,,test,couch,long,discounted,absolute,first,2,bimodal,5,5.321
9,tv_filler_1,,questionable,filler,tv,,,,,2,unimodal,2,5.376
9,tv_filler_2,,questionable,filler,tv,,,,,2,unimodal,1,2.772
9,tv_filler_3,,acceptable,filler,tv,,,,,2,unimodal,5,1.564
9,tv_filler_4,,acceptable,filler,tv,,,,,2,unimodal,5,1.861
9,tv_filler_5,,acceptable,filler,tv,,,,,2,unimodal,5,1.727
9,tv_filler_6,,unacceptable,filler,tv,,,,,2,unimodal,1,1.702
9,tv_filler_7,,unacceptable,filler,tv,,,,,2,unimodal,1,2.293
9,tv_filler_8,,unacceptable,filler,tv,,,,,2,unimodal,1,1.464
9,tv_filler_9,,unacceptable,filler,tv,,,,,2,unimodal,1,2.68
9,tv_filler_10,,acceptable,filler,tv,,,,,2,unimodal,5,2.059
9,ch_filler_1,,questionable,filler,couch,,,,,2,bimodal,4,6.663
9,ch_filler_2,,acceptable,filler,couch,,,,,2,bimodal,5,2.038
9,ch_filler_3,,acceptable,filler,couch,,,,,2,bimodal,5,2.044
9,ch_filler_4,,questionable,filler,couch,,,,,2,bimodal,3,35.596
9,ch_filler_5,,questionable,filler,couch,,,,,2,bimodal,3,12.204
9,ch_filler_6,,acceptable,filler,couch,,,,,2,bimodal,5,1.748
9,ch_filler_7,,unacceptable,filler,couch,,,,,2,bimodal,1,2.128
9,ch_filler_8,,unacceptable,filler,couch,,,,,2,bimodal,1,1.824
9,ch_filler_9,,acceptable,filler,couch,,,,,2,bimodal,5,6.396
9,ch_filler_10,,unacceptable,filler,couch,,,,,2,bimodal,1,2.282
10,tv_test_1,big expensive,,test,tv,big,expensive,scalar,first,2,unimodal,5,1.499
10,tv_test_2,expensive big,,test,tv,big,expensive,scalar,second,2,unimodal,5,2.813
10,tv_test_3,refurbished big,,test,tv,big,refurbished,absolute,second,2,unimodal,5,3.553
10,tv_test_4,big refurbished,,test,tv,big,refurbished,absolute,first,2,unimodal,5,1.2
10,tv_test_5,big cheap,,test,tv,big,cheap,scalar,first,2,unimodal,5,1.369
10,tv_test_6,cheap big,,test,tv,big,cheap,scalar,second,2,unimodal,5,2.045
10,tv_test_7,big discounted,,test,tv,big,discounted,absolute,first,2,unimodal,5,1.937
10,tv_test_8,discounted big,,test,tv,big,discounted,absolute,second,2,unimodal,5,4.61
10,ch_test_1,long expensive,,test,couch,long,expensive,scalar,first,2,bimodal,5,2.188
10,ch_test_2,expensive long,,test,couch,long,expensive,scalar,second,2,bimodal,5,1.472
10,ch_test_3,leather long,,test,couch,long,leather,absolute,second,2,bimodal,5,2.928
10,ch_test_4,long leather,,test,couch,long,leather,absolute,first,2,bimodal,5,1.506
10,ch_test_5,cheap long,,test,couch,long,cheap,scalar,second,2,bimodal,5,3.208
10,ch_test_6,long cheap,,test,couch,long,cheap,scalar,first,2,bimodal,5,1.795
10,ch_test_7,discounted long,,test,couch,long,discounted,absolute,second,2,bimodal,5,1.35
10,ch_test_8,long discounted,,test,couch,long,discounted,absolute,first,2,bimodal,5,2.614
10,tv_filler_1,,questionable,filler,tv,,,,,2,unimodal,5,1.408
10,tv_filler_2,,questionable,filler,tv,,,,,2,unimodal,1,2.754
10,tv_filler_3,,acceptable,filler,tv,,,,,2,unimodal,5,1.346
10,tv_filler_4,,acceptable,filler,tv,,,,,2,unimodal,5,1.236
10,tv_filler_5,,acceptable,filler,tv,,,,,2,unimodal,5,1.237
10,tv_filler_6,,unacceptable,filler,tv,,,,,2,unimodal,1,1.199
10,tv_filler_7,,unacceptable,filler,tv,,,,,2,unimodal,1,1.854
10,tv_filler_8,,unacceptable,filler,tv,,,,,2,unimodal,1,1.898
10,tv_filler_9,,unacceptable,filler,tv,,,,,2,unimodal,1,1.676
10,tv_filler_10,,acceptable,filler,tv,,,,,2,unimodal,5,1.583
10,ch_filler_1,,questionable,filler,couch,,,,,2,bimodal,5,1.692
10,ch_filler_2,,acceptable,filler,couch,,,,,2,bimodal,5,1.326
10,ch_filler_3,,acceptable,filler,couch,,,,,2,bimodal,5,1.545
10,ch_filler_4,,questionable,filler,couch,,,,,2,bimodal,4,3.994
10,ch_filler_5,,questionable,filler,couch,,,,,2,bimodal,2,3.226
10,ch_filler_6,,acceptable,filler,couch,,,,,2,bimodal,5,2.362
10,ch_filler_7,,unacceptable,filler,couch,,,,,2,bimodal,1,1.379
10,ch_filler_8,,unacceptable,filler,couch,,,,,2,bimodal,1,1.851
10,ch_filler_9,,acceptable,filler,couch,,,,,2,bimodal,5,4.235
10,ch_filler_10,,unacceptable,filler,couch,,,,,2,bimodal,1,2.604
11,tv_test_1,big expensive,,test,tv,big,expensive,scalar,first,1,bimodal,4,3.156
11,tv_test_2,expensive big,,test,tv,big,expensive,scalar,second,1,bimodal,4,2.816
11,tv_test_3,refurbished big,,test,tv,big,refurbished,absolute,second,1,bimodal,1,2.487
11,tv_test_4,big refurbished,,test,tv,big,refurbished,absolute,first,1,bimodal,2,2.862
11,tv_test_5,big cheap,,test,tv,big,cheap,scalar,first,1,bimodal,2,2.381
11,tv_test_6,cheap big,,test,tv,big,cheap,scalar,second,1,bimodal,4,2.858
11,tv_test_7,big discounted,,test,tv,big,discounted,absolute,first,1,bimodal,2,2.835
11,tv_test_8,discounted big,,test,tv,big,discounted,absolute,second,1,bimodal,2,2.471
11,ch_test_1,long expensive,,test,couch,long,expensive,scalar,first,1,unimodal,2,2.468
11,ch_test_2,expensive long,,test,couch,long,expensive,scalar,second,1,unimodal,3,2.348
11,ch_test_3,leather long,,test,couch,long,leather,absolute,second,1,unimodal,2,6.583
11,ch_test_4,long leather,,test,couch,long,leather,absolute,first,1,unimodal,4,2.989
11,ch_test_5,cheap long,,test,couch,long,cheap,scalar,second,1,unimodal,2,2.262
11,ch_test_6,long cheap,,test,couch,long,cheap,scalar,first,1,unimodal,2,4.157
11,ch_test_7,discounted long,,test,couch,long,discounted,absolute,second,1,unimodal,2,3.295
11,ch_test_8,long discounted,,test,couch,long,discounted,absolute,first,1,unimodal,1,2.214
11,tv_filler_1,,questionable,filler,tv,,,,,1,bimodal,3,4.549
11,tv_filler_2,,questionable,filler,tv,,,,,1,bimodal,1,3.156
11,tv_filler_3,,acceptable,filler,tv,,,,,1,bimodal,3,4.385
11,tv_filler_4,,acceptable,filler,tv,,,,,1,bimodal,5,2.175
11,tv_filler_5,,acceptable,filler,tv,,,,,1,bimodal,4,2.688
11,tv_filler_6,,unacceptable,filler,tv,,,,,1,bimodal,1,2.52
11,tv_filler_7,,unacceptable,filler,tv,,,,,1,bimodal,1,3.418
11,tv_filler_8,,unacceptable,filler,tv,,,,,1,bimodal,1,2.732
11,tv_filler_9,,unacceptable,filler,tv,,,,,1,bimodal,1,3.816
11,tv_filler_10,,acceptable,filler,tv,,,,,1,bimodal,5,3.17
11,ch_filler_1,,questionable,filler,couch,,,,,1,unimodal,3,2.396
11,ch_filler_2,,acceptable,filler,couch,,,,,1,unimodal,5,1.937
11,ch_filler_3,,acceptable,filler,couch,,,,,1,unimodal,4,1.974
11,ch_filler_4,,questionable,filler,couch,,,,,1,unimodal,4,2.186
11,ch_filler_5,,questionable,filler,couch,,,,,1,unimodal,1,2.588
11,ch_filler_6,,acceptable,filler,couch,,,,,1,unimodal,4,2.154
11,ch_filler_7,,unacceptable,filler,couch,,,,,1,unimodal,1,2.469
11,ch_filler_8,,unacceptable,filler,couch,,,,,1,unimodal,1,2.39
11,ch_filler_9,,acceptable,filler,couch,,,,,1,unimodal,4,3.716
11,ch_filler_10,,unacceptable,filler,couch,,,,,1,unimodal,4,2.429
12,tv_test_1,big expensive,,test,tv,big,expensive,scalar,first,2,unimodal,5,2.294
12,tv_test_2,expensive big,,test,tv,big,expensive,scalar,second,2,unimodal,2,2.959
12,tv_test_3,refurbished big,,test,tv,big,refurbished,absolute,second,2,unimodal,2,2.324
12,tv_test_4,big refurbished,,test,tv,big,refurbished,absolute,first,2,unimodal,4,2.124
12,tv_test_5,big cheap,,test,tv,big,cheap,scalar,first,2,unimodal,5,6.228
12,tv_test_6,cheap big,,test,tv,big,cheap,scalar,second,2,unimodal,4,2.464
12,tv_test_7,big discounted,,test,tv,big,discounted,absolute,first,2,unimodal,5,2.313
12,tv_test_8,discounted big,,test,tv,big,discounted,absolute,second,2,unimodal,2,2.472
12,ch_test_1,long expensive,,test,couch,long,expensive,scalar,first,2,bimodal,5,3.176
12,ch_test_2,expensive long,,test,couch,long,expensive,scalar,second,2,bimodal,5,1.989
12,ch_test_3,leather long,,test,couch,long,leather,absolute,second,2,bimodal,2,3.203
12,ch_test_4,long leather,,test,couch,long,leather,absolute,first,2,bimodal,5,2.079
12,ch_test_5,cheap long,,test,couch,long,cheap,scalar,second,2,bimodal,5,2.629
12,ch_test_6,long cheap,,test,couch,long,cheap,scalar,first,2,bimodal,5,3.035
12,ch_test_7,discounted long,,test,couch,long,discounted,absolute,second,2,bimodal,2,2.668
12,ch_test_8,long discounted,,test,couch,long,discounted,absolute,first,2,bimodal,5,6.475
12,tv_filler_1,,questionable,filler,tv,,,,,2,unimodal,5,2.761
12,tv_filler_2,,questionable,filler,tv,,,,,2,unimodal,1,5.426
12,tv_filler_3,,acceptable,filler,tv,,,,,2,unimodal,5,3.103
12,tv_filler_4,,acceptable,filler,tv,,,,,2,unimodal,5,1.892
12,tv_filler_5,,acceptable,filler,tv,,,,,2,unimodal,5,2.303
12,tv_filler_6,,unacceptable,filler,tv,,,,,2,unimodal,1,1.796
12,tv_filler_7,,unacceptable,filler,tv,,,,,2,unimodal,1,2.006
12,tv_filler_8,,unacceptable,filler,tv,,,,,2,unimodal,1,1.724
12,tv_filler_9,,unacceptable,filler,tv,,,,,2,unimodal,1,3.431
12,tv_filler_10,,acceptable,filler,tv,,,,,2,unimodal,5,2.389
12,ch_filler_1,,questionable,filler,couch,,,,,2,bimodal,5,3.699
12,ch_filler_2,,acceptable,filler,couch,,,,,2,bimodal,5,2.116
12,ch_filler_3,,acceptable,filler,couch,,,,,2,bimodal,5,3.771
12,ch_filler_4,,questionable,filler,couch,,,,,2,bimodal,2,4.017
12,ch_filler_5,,questionable,filler,couch,,,,,2,bimodal,2,3.995
12,ch_filler_6,,acceptable,filler,couch,,,,,2,bimodal,5,3.089
12,ch_filler_7,,unacceptable,filler,couch,,,,,2,bimodal,1,1.938
12,ch_filler_8,,unacceptable,filler,couch,,,,,2,bimodal,1,2.031
12,ch_filler_9,,acceptable,filler,couch,,,,,2,bimodal,5,2.054
12,ch_filler_10,,unacceptable,filler,couch,,,,,2,bimodal,1,2.821
13,tv_test_1,big expensive,,test,tv,big,expensive,scalar,first,1,bimodal,5,2.655
13,tv_test_2,expensive big,,test,tv,big,expensive,scalar,second,1,bimodal,5,3.447
13,tv_test_3,refurbished big,,test,tv,big,refurbished,absolute,second,1,bimodal,5,2.445
13,tv_test_4,big refurbished,,test,tv,big,refurbished,absolute,first,1,bimodal,5,1.824
13,tv_test_5,big cheap,,test,tv,big,cheap,scalar,first,1,bimodal,5,3.533
13,tv_test_6,cheap big,,test,tv,big,cheap,scalar,second,1,bimodal,5,1.736
13,tv_test_7,big discounted,,test,tv,big,discounted,absolute,first,1,bimodal,5,1.438
13,tv_test_8,discounted big,,test,tv,big,discounted,absolute,second,1,bimodal,5,1.41
13,ch_test_1,long expensive,,test,couch,long,expensive,scalar,first,1,unimodal,5,2.032
13,ch_test_2,expensive long,,test,couch,long,expensive,scalar,second,1,unimodal,5,1.434
13,ch_test_3,leather long,,test,couch,long,leather,absolute,second,1,unimodal,2,5.748
13,ch_test_4,long leather,,test,couch,long,leather,absolute,first,1,unimodal,5,3.848
13,ch_test_5,cheap long,,test,couch,long,cheap,scalar,second,1,unimodal,5,5.569
13,ch_test_6,long cheap,,test,couch,long,cheap,scalar,first,1,unimodal,5,4.988
13,ch_test_7,discounted long,,test,couch,long,discounted,absolute,second,1,unimodal,5,1.925
13,ch_test_8,long discounted,,test,couch,long,discounted,absolute,first,1,unimodal,1,1.813
13,tv_filler_1,,questionable,filler,tv,,,,,1,bimodal,5,1.322
13,tv_filler_2,,questionable,filler,tv,,,,,1,bimodal,5,2.044
13,tv_filler_3,,acceptable,filler,tv,,,,,1,bimodal,5,1.323
13,tv_filler_4,,acceptable,filler,tv,,,,,1,bimodal,5,1.898
13,tv_filler_5,,acceptable,filler,tv,,,,,1,bimodal,5,1.644
13,tv_filler_6,,unacceptable,filler,tv,,,,,1,bimodal,1,1.546
13,tv_filler_7,,unacceptable,filler,tv,,,,,1,bimodal,1,1.751
13,tv_filler_8,,unacceptable,filler,tv,,,,,1,bimodal,1,1.789
13,tv_filler_9,,unacceptable,filler,tv,,,,,1,bimodal,1,3.099
13,tv_filler_10,,acceptable,filler,tv,,,,,1,bimodal,5,1.533
13,ch_filler_1,,questionable,filler,couch,,,,,1,unimodal,5,2.619
13,ch_filler_2,,acceptable,filler,couch,,,,,1,unimodal,5,1.194
13,ch_filler_3,,acceptable,filler,couch,,,,,1,unimodal,5,2.195
13,ch_filler_4,,questionable,filler,couch,,,,,1,unimodal,1,2.419
13,ch_filler_5,,questionable,filler,couch,,,,,1,unimodal,5,2.291
13,ch_filler_6,,acceptable,filler,couch,,,,,1,unimodal,5,1.473
13,ch_filler_7,,unacceptable,filler,couch,,,,,1,unimodal,1,1.892
13,ch_filler_8,,unacceptable,filler,couch,,,,,1,unimodal,1,1.57
13,ch_filler_9,,acceptable,filler,couch,,,,,1,unimodal,5,3.586
13,ch_filler_10,,unacceptable,filler,couch,,,,,1,unimodal,1,2.254
14,tv_test_1,big expensive,,test,tv,big,expensive,scalar,first,2,unimodal,5,2.931
14,tv_test_2,expensive big,,test,tv,big,expensive,scalar,second,2,unimodal,5,3.123
14,tv_test_3,refurbished big,,test,tv,big,refurbished,absolute,second,2,unimodal,4,3.878
14,tv_test_4,big refurbished,,test,tv,big,refurbished,absolute,first,2,unimodal,5,2.891
14,tv_test_5,big cheap,,test,tv,big,cheap,scalar,first,2,unimodal,5,1.895
14,tv_test_6,cheap big,,test,tv,big,cheap,scalar,second,2,unimodal,5,1.878
14,tv_test_7,big discounted,,test,tv,big,discounted,absolute,first,2,unimodal,5,2.159
14,tv_test_8,discounted big,,test,tv,big,discounted,absolute,second,2,unimodal,5,3.001
14,ch_test_1,long expensive,,test,couch,long,expensive,scalar,first,2,bimodal,4,1.403
14,ch_test_2,expensive long,,test,couch,long,expensive,scalar,second,2,bimodal,4,3.782
14,ch_test_3,leather long,,test,couch,long,leather,absolute,second,2,bimodal,4,2.781
14,ch_test_4,long leather,,test,couch,long,leather,absolute,first,2,bimodal,5,1.634
14,ch_test_5,cheap long,,test,couch,long,cheap,scalar,second,2,bimodal,5,2.319
14,ch_test_6,long cheap,,test,couch,long,cheap,scalar,first,2,bimodal,5,2.065
14,ch_test_7,discounted long,,test,couch,long,discounted,absolute,second,2,bimodal,5,1.807
14,ch_test_8,long discounted,,test,couch,long,discounted,absolute,first,2,bimodal,5,1.94
14,tv_filler_1,,questionable,filler,tv,,,,,2,unimodal,2,2.935
14,tv_filler_2,,questionable,filler,tv,,,,,2,unimodal,1,2.406
14,tv_filler_3,,acceptable,filler,tv,,,,,2,unimodal,5,1.974
14,tv_filler_4,,acceptable,filler,tv,,,,,2,unimodal,5,4.063
14,tv_filler_5,,acceptable,filler,tv,,,,,2,unimodal,5,1.811
14,tv_filler_6,,unacceptable,filler,tv,,,,,2,unimodal,1,2.342
14,tv_filler_7,,unacceptable,filler,tv,,,,,2,unimodal,1,2.074
14,tv_filler_8,,unacceptable,filler,tv,,,,,2,unimodal,1,1.975
14,tv_filler_9,,unacceptable,filler,tv,,,,,2,unimodal,1,3.315
14,tv_filler_10,,acceptable,filler,tv,,,,,2,unimodal,5,2.284
14,ch_filler_1,,questionable,filler,couch,,,,,2,bimodal,4,2.173
14,ch_filler_2,,acceptable,filler,couch,,,,,2,bimodal,5,2.748
14,ch_filler_3,,acceptable,filler,couch,,,,,2,bimodal,5,2.196
14,ch_filler_4,,questionable,filler,couch,,,,,2,bimodal,1,2.265
14,ch_filler_5,,questionable,filler,couch,,,,,2,bimodal,1,2.31
14,ch_filler_6,,acceptable,filler,couch,,,,,2,bimodal,5,1.442
14,ch_filler_7,,unacceptable,filler,couch,,,,,2,bimodal,1,1.74
14,ch_filler_8,,unacceptable,filler,couch,,,,,2,bimodal,1,2.787
14,ch_filler_9,,acceptable,filler,couch,,,,,2,bimodal,5,1.774
14,ch_filler_10,,unacceptable,filler,couch,,,,,2,bimodal,1,2.904
15,tv_test_1,big expensive,,test,tv,big,expensive,scalar,first,2,unimodal,3,5.937
15,tv_test_2,expensive big,,test,tv,big,expensive,scalar,second,2,unimodal,5,2.725
15,tv_test_3,refurbished big,,test,tv,big,refurbished,absolute,second,2,unimodal,4,3.285
15,tv_test_4,big refurbished,,test,tv,big,refurbished,absolute,first,2,unimodal,5,2.388
15,tv_test_5,big cheap,,test,tv,big,cheap,scalar,first,2,unimodal,5,3.84
15,tv_test_6,cheap big,,test,tv,big,cheap,scalar,second,2,unimodal,5,3.026
15,tv_test_7,big discounted,,test,tv,big,discounted,absolute,first,2,unimodal,3,1.795
15,tv_test_8,discounted big,,test,tv,big,discounted,absolute,second,2,unimodal,3,3.265
15,ch_test_1,long expensive,,test,couch,long,expensive,scalar,first,2,bimodal,4,1.637
15,ch_test_2,expensive long,,test,couch,long,expensive,scalar,second,2,bimodal,3,1.502
15,ch_test_3,leather long,,test,couch,long,leather,absolute,second,2,bimodal,4,2.002
15,ch_test_4,long leather,,test,couch,long,leather,absolute,first,2,bimodal,4,4.674
15,ch_test_5,cheap long,,test,couch,long,cheap,scalar,second,2,bimodal,4,2.855
15,ch_test_6,long cheap,,test,couch,long,cheap,scalar,first,2,bimodal,4,1.97
15,ch_test_7,discounted long,,test,couch,long,discounted,absolute,second,2,bimodal,4,1.858
15,ch_test_8,long discounted,,test,couch,long,discounted,absolute,first,2,bimodal,4,1.839
15,tv_filler_1,,questionable,filler,tv,,,,,2,unimodal,4,3.194
15,tv_filler_2,,questionable,filler,tv,,,,,2,unimodal,1,1.966
15,tv_filler_3,,acceptable,filler,tv,,,,,2,unimodal,5,2.345
15,tv_filler_4,,acceptable,filler,tv,,,,,2,unimodal,5,2.849
15,tv_filler_5,,acceptable,filler,tv,,,,,2,unimodal,4,2.258
15,tv_filler_6,,unacceptable,filler,tv,,,,,2,unimodal,2,4.676
15,tv_filler_7,,unacceptable,filler,tv,,,,,2,unimodal,1,2.854
15,tv_filler_8,,unacceptable,filler,tv,,,,,2,unimodal,1,1.819
15,tv_filler_9,,unacceptable,filler,tv,,,,,2,unimodal,1,3.232
15,tv_filler_10,,acceptable,filler,tv,,,,,2,unimodal,5,1.877
15,ch_filler_1,,questionable,filler,couch,,,,,2,bimodal,4,4.962
15,ch_filler_2,,acceptable,filler,couch,,,,,2,bimodal,5,1.588
15,ch_filler_3,,acceptable,filler,couch,,,,,2,bimodal,4,2.282
15,ch_filler_4,,questionable,filler,couch,,,,,2,bimodal,4,3.176
15,ch_filler_5,,questionable,filler,couch,,,,,2,bimodal,3,4.127
15,ch_filler_6,,acceptable,filler,couch,,,,,2,bimodal,5,1.883
15,ch_filler_7,,unacceptable,filler,couch,,,,,2,bimodal,1,2.42
15,ch_filler_8,,unacceptable,filler,couch,,,,,2,bimodal,1,7.55
15,ch_filler_9,,acceptable,filler,couch,,,,,2,bimodal,5,2.119
15,ch_filler_10,,unacceptable,filler,couch,,,,,2,bimodal,5,1.659
16,tv_test_1,big expensive,,test,tv,big,expensive,scalar,first,2,unimodal,4,9.303
16,tv_test_2,expensive big,,test,tv,big,expensive,scalar,second,2,unimodal,2,6.126
16,tv_test_3,refurbished big,,test,tv,big,refurbished,absolute,second,2,unimodal,5,2.64
16,tv_test_4,big refurbished,,test,tv,big,refurbished,absolute,first,2,unimodal,4,3.465
16,tv_test_5,big cheap,,test,tv,big,cheap,scalar,first,2,unimodal,4,2.524
16,tv_test_6,cheap big,,test,tv,big,cheap,scalar,second,2,unimodal,3,12.123
16,tv_test_7,big discounted,,test,tv,big,discounted,absolute,first,2,unimodal,4,2.762
16,tv_test_8,discounted big,,test,tv,big,discounted,absolute,second,2,unimodal,4,4.584
16,ch_test_1,long expensive,,test,couch,long,expensive,scalar,first,2,bimodal,5,5.101
16,ch_test_2,expensive long,,test,couch,long,expensive,scalar,second,2,bimodal,3,4.522
16,ch_test_3,leather long,,test,couch,long,leather,absolute,second,2,bimodal,2,3.39
16,ch_test_4,long leather,,test,couch,long,leather,absolute,first,2,bimodal,5,2.997
16,ch_test_5,cheap long,,test,couch,long,cheap,scalar,second,2,bimodal,4,5.245
16,ch_test_6,long cheap,,test,couch,long,cheap,scalar,first,2,bimodal,5,6.049
16,ch_test_7,discounted long,,test,couch,long,discounted,absolute,second,2,bimodal,4,2.938
16,ch_test_8,long discounted,,test,couch,long,discounted,absolute,first,2,bimodal,5,5.618
16,tv_filler_1,,questionable,filler,tv,,,,,2,unimodal,5,5.755
16,tv_filler_2,,questionable,filler,tv,,,,,2,unimodal,1,2.93
16,tv_filler_3,,acceptable,filler,tv,,,,,2,unimodal,5,2.171
16,tv_filler_4,,acceptable,filler,tv,,,,,2,unimodal,4,2.89
16,tv_filler_5,,acceptable,filler,tv,,,,,2,unimodal,5,2.171
16,tv_filler_6,,unacceptable,filler,tv,,,,,2,unimodal,1,2.055
16,tv_filler_7,,unacceptable,filler,tv,,,,,2,unimodal,1,2.752
16,tv_filler_8,,unacceptable,filler,tv,,,,,2,unimodal,1,4.267
16,tv_filler_9,,unacceptable,filler,tv,,,,,2,unimodal,1,7.503
16,tv_filler_10,,acceptable,filler,tv,,,,,2,unimodal,5,1.538
16,ch_filler_1,,questionable,filler,couch,,,,,2,bimodal,4,7.757
16,ch_filler_2,,acceptable,filler,couch,,,,,2,bimodal,5,2.08
16,ch_filler_3,,acceptable,filler,couch,,,,,2,bimodal,5,3.408
16,ch_filler_4,,questionable,filler,couch,,,,,2,bimodal,2,13.139
16,ch_filler_5,,questionable,filler,couch,,,,,2,bimodal,2,2.684
16,ch_filler_6,,acceptable,filler,couch,,,,,2,bimodal,5,6.239
16,ch_filler_7,,unacceptable,filler,couch,,,,,2,bimodal,1,1.837
16,ch_filler_8,,unacceptable,filler,couch,,,,,2,bimodal,1,3.511
16,ch_filler_9,,acceptable,filler,couch,,,,,2,bimodal,5,5.094
16,ch_filler_10,,unacceptable,filler,couch,,,,,2,bimodal,1,3.585
17,tv_test_1,big expensive,,test,tv,big,expensive,scalar,first,1,bimodal,4,4.452
17,tv_test_2,expensive big,,test,tv,big,expensive,scalar,second,1,bimodal,4,1.936
17,tv_test_3,refurbished big,,test,tv,big,refurbished,absolute,second,1,bimodal,2,4.748
17,tv_test_4,big refurbished,,test,tv,big,refurbished,absolute,first,1,bimodal,4,2.94
17,tv_test_5,big cheap,,test,tv,big,cheap,scalar,first,1,bimodal,5,2.998
17,tv_test_6,cheap big,,test,tv,big,cheap,scalar,second,1,bimodal,3,6.435
17,tv_test_7,big discounted,,test,tv,big,discounted,absolute,first,1,bimodal,4,8.035
17,tv_test_8,discounted big,,test,tv,big,discounted,absolute,second,1,bimodal,4,7.976
17,ch_test_1,long expensive,,test,couch,long,expensive,scalar,first,1,unimodal,5,5.044
17,ch_test_2,expensive long,,test,couch,long,expensive,scalar,second,1,unimodal,4,2.138
17,ch_test_3,leather long,,test,couch,long,leather,absolute,second,1,unimodal,4,5.559
17,ch_test_4,long leather,,test,couch,long,leather,absolute,first,1,unimodal,4,1.701
17,ch_test_5,cheap long,,test,couch,long,cheap,scalar,second,1,unimodal,3,3.017
17,ch_test_6,long cheap,,test,couch,long,cheap,scalar,first,1,unimodal,4,3.325
17,ch_test_7,discounted long,,test,couch,long,discounted,absolute,second,1,unimodal,4,1.71
17,ch_test_8,long discounted,,test,couch,long,discounted,absolute,first,1,unimodal,4,2.098
17,tv_filler_1,,questionable,filler,tv,,,,,1,bimodal,4,3.675
17,tv_filler_2,,questionable,filler,tv,,,,,1,bimodal,3,3.66
17,tv_filler_3,,acceptable,filler,tv,,,,,1,bimodal,5,3.164
17,tv_filler_4,,acceptable,filler,tv,,,,,1,bimodal,4,3.028
17,tv_filler_5,,acceptable,filler,tv,,,,,1,bimodal,4,1.728
17,tv_filler_6,,unacceptable,filler,tv,,,,,1,bimodal,1,1.927
17,tv_filler_7,,unacceptable,filler,tv,,,,,1,bimodal,1,2.254
17,tv_filler_8,,unacceptable,filler,tv,,,,,1,bimodal,1,2.23
17,tv_filler_9,,unacceptable,filler,tv,,,,,1,bimodal,1,3.697
17,tv_filler_10,,acceptable,filler,tv,,,,,1,bimodal,5,2.066
17,ch_filler_1,,questionable,filler,couch,,,,,1,unimodal,4,2.814
17,ch_filler_2,,acceptable,filler,couch,,,,,1,unimodal,5,1.73
17,ch_filler_3,,acceptable,filler,couch,,,,,1,unimodal,4,2.114
17,ch_filler_4,,questionable,filler,couch,,,,,1,unimodal,5,10.616
17,ch_filler_5,,questionable,filler,couch,,,,,1,unimodal,2,2.4
17,ch_filler_6,,acceptable,filler,couch,,,,,1,unimodal,5,2.304
17,ch_filler_7,,unacceptable,filler,couch,,,,,1,unimodal,1,1.601
17,ch_filler_8,,unacceptable,filler,couch,,,,,1,unimodal,1,1.454
17,ch_filler_9,,acceptable,filler,couch,,,,,1,unimodal,5,1.919
17,ch_filler_10,,unacceptable,filler,couch,,,,,1,unimodal,1,1.829
18,tv_test_1,big expensive,,test,tv,big,expensive,scalar,first,2,unimodal,5,2.517
18,tv_test_2,expensive big,,test,tv,big,expensive,scalar,second,2,unimodal,5,3.219
18,tv_test_3,refurbished big,,test,tv,big,refurbished,absolute,second,2,unimodal,5,2.485
18,tv_test_4,big refurbished,,test,tv,big,refurbished,absolute,first,2,unimodal,5,2.08
18,tv_test_5,big cheap,,test,tv,big,cheap,scalar,first,2,unimodal,5,2.035
18,tv_test_6,cheap big,,test,tv,big,cheap,scalar,second,2,unimodal,4,4.674
18,tv_test_7,big discounted,,test,tv,big,discounted,absolute,first,2,unimodal,5,5.603
18,tv_test_8,discounted big,,test,tv,big,discounted,absolute,second,2,unimodal,4,2.02
18,ch_test_1,long expensive,,test,couch,long,expensive,scalar,first,2,bimodal,5,5.438
18,ch_test_2,expensive long,,test,couch,long,expensive,scalar,second,2,bimodal,5,2.362
18,ch_test_3,leather long,,test,couch,long,leather,absolute,second,2,bimodal,4,3.753
18,ch_test_4,long leather,,test,couch,long,leather,absolute,first,2,bimodal,5,4.702
18,ch_test_5,cheap long,,test,couch,long,cheap,scalar,second,2,bimodal,4,3.565
18,ch_test_6,long cheap,,test,couch,long,cheap,scalar,first,2,bimodal,5,3.201
18,ch_test_7,discounted long,,test,couch,long,discounted,absolute,second,2,bimodal,5,2.782
18,ch_test_8,long discounted,,test,couch,long,discounted,absolute,first,2,bimodal,5,3.987
18,tv_filler_1,,questionable,filler,tv,,,,,2,unimodal,4,2.426
18,tv_filler_2,,questionable,filler,tv,,,,,2,unimodal,3,3.877
18,tv_filler_3,,acceptable,filler,tv,,,,,2,unimodal,5,1.745
18,tv_filler_4,,acceptable,filler,tv,,,,,2,unimodal,5,2.479
18,tv_filler_5,,acceptable,filler,tv,,,,,2,unimodal,5,2.245
18,tv_filler_6,,unacceptable,filler,tv,,,,,2,unimodal,1,8.52
18,tv_filler_7,,unacceptable,filler,tv,,,,,2,unimodal,1,2.547
18,tv_filler_8,,unacceptable,filler,tv,,,,,2,unimodal,5,1.532
18,tv_filler_9,,unacceptable,filler,tv,,,,,2,unimodal,1,6.386
18,tv_filler_10,,acceptable,filler,tv,,,,,2,unimodal,5,4.121
18,ch_filler_1,,questionable,filler,couch,,,,,2,bimodal,5,1.947
18,ch_filler_2,,acceptable,filler,couch,,,,,2,bimodal,5,2.755
18,ch_filler_3,,acceptable,filler,couch,,,,,2,bimodal,5,1.978
18,ch_filler_4,,questionable,filler,couch,,,,,2,bimodal,3,3.887
18,ch_filler_5,,questionable,filler,couch,,,,,2,bimodal,1,3.615
18,ch_filler_6,,acceptable,filler,couch,,,,,2,bimodal,5,3.968
18,ch_filler_7,,unacceptable,filler,couch,,,,,2,bimodal,1,7.249
18,ch_filler_8,,unacceptable,filler,couch,,,,,2,bimodal,5,1.757
18,ch_filler_9,,acceptable,filler,couch,,,,,2,bimodal,5,5.236
18,ch_filler_10,,unacceptable,filler,couch,,,,,2,bimodal,5,3.704
19,tv_test_1,big expensive,,test,tv,big,expensive,scalar,first,2,unimodal,5,1.742
19,tv_test_2,expensive big,,test,tv,big,expensive,scalar,second,2,unimodal,2,5.049
19,tv_test_3,refurbished big,,test,tv,big,refurbished,absolute,second,2,unimodal,5,2.607
19,tv_test_4,big refurbished,,test,tv,big,refurbished,absolute,first,2,unimodal,5,2.038
19,tv_test_5,big cheap,,test,tv,big,cheap,scalar,first,2,unimodal,5,4.063
19,tv_test_6,cheap big,,test,tv,big,cheap,scalar,second,2,unimodal,5,4.453
19,tv_test_7,big discounted,,test,tv,big,discounted,absolute,first,2,unimodal,5,1.606
19,tv_test_8,discounted big,,test,tv,big,discounted,absolute,second,2,unimodal,4,2.267
19,ch_test_1,long expensive,,test,couch,long,expensive,scalar,first,2,bimodal,4,7.956
19,ch_test_2,expensive long,,test,couch,long,expensive,scalar,second,2,bimodal,5,3.066
19,ch_test_3,leather long,,test,couch,long,leather,absolute,second,2,bimodal,3,4.35
19,ch_test_4,long leather,,test,couch,long,leather,absolute,first,2,bimodal,5,2.077
19,ch_test_5,cheap long,,test,couch,long,cheap,scalar,second,2,bimodal,2,6.498
19,ch_test_6,long cheap,,test,couch,long,cheap,scalar,first,2,bimodal,4,4.12
19,ch_test_7,discounted long,,test,couch,long,discounted,absolute,second,2,bimodal,4,4.934
19,ch_test_8,long discounted,,test,couch,long,discounted,absolute,first,2,bimodal,1,5.463
19,tv_filler_1,,questionable,filler,tv,,,,,2,unimodal,5,2.868
19,tv_filler_2,,questionable,filler,tv,,,,,2,unimodal,3,6.222
19,tv_filler_3,,acceptable,filler,tv,,,,,2,unimodal,5,2.226
19,tv_filler_4,,acceptable,filler,tv,,,,,2,unimodal,5,2.276
19,tv_filler_5,,acceptable,filler,tv,,,,,2,unimodal,5,1.644
19,tv_filler_6,,unacceptable,filler,tv,,,,,2,unimodal,1,2.771
19,tv_filler_7,,unacceptable,filler,tv,,,,,2,unimodal,1,2.011
19,tv_filler_8,,unacceptable,filler,tv,,,,,2,unimodal,1,1.906
19,tv_filler_9,,unacceptable,filler,tv,,,,,2,unimodal,1,5.019
19,tv_filler_10,,acceptable,filler,tv,,,,,2,unimodal,5,2.082
19,ch_filler_1,,questionable,filler,couch,,,,,2,bimodal,5,2.567
19,ch_filler_2,,acceptable,filler,couch,,,,,2,bimodal,5,1.939
19,ch_filler_3,,acceptable,filler,couch,,,,,2,bimodal,5,4.628
19,ch_filler_4,,questionable,filler,couch,,,,,2,bimodal,4,2.682
19,ch_filler_5,,questionable,filler,couch,,,,,2,bimodal,4,3.999
19,ch_filler_6,,acceptable,filler,couch,,,,,2,bimodal,5,2.086
19,ch_filler_7,,unacceptable,filler,couch,,,,,2,bimodal,1,2.199
19,ch_filler_8,,unacceptable,filler,couch,,,,,2,bimodal,1,1.958
19,ch_filler_9,,acceptable,filler,couch,,,,,2,bimodal,5,4.222
19,ch_filler_10,,unacceptable,filler,couch,,,,,2,bimodal,1,2.967
20,tv_test_1,big expensive,,test,tv,big,expensive,scalar,first,1,bimodal,4,4.313
20,tv_test_2,expensive big,,test,tv,big,expensive,scalar,second,1,bimodal,5,3.401
20,tv_test_3,refurbished big,,test,tv,big,refurbished,absolute,second,1,bimodal,4,3.601
20,tv_test_4,big refurbished,,test,tv,big,refurbished,absolute,first,1,bimodal,5,3.252
20,tv_test_5,big cheap,,test,tv,big,cheap,scalar,first,1,bimodal,5,2.679
20,tv_test_6,cheap big,,test,tv,big,cheap,scalar,second,1,bimodal,4,6.256
20,tv_test_7,big discounted,,test,tv,big,discounted,absolute,first,1,bimodal,5,5.37
20,tv_test_8,discounted big,,test,tv,big,discounted,absolute,second,1,bimodal,5,2.943
20,ch_test_1,long expensive,,test,couch,long,expensive,scalar,first,1,unimodal,4,2.764
20,ch_test_2,expensive long,,test,couch,long,expensive,scalar,second,1,unimodal,5,3.454
20,ch_test_3,leather long,,test,couch,long,leather,absolute,second,1,unimodal,4,4.243
20,ch_test_4,long leather,,test,couch,long,leather,absolute,first,1,unimodal,5,3.855
20,ch_test_5,cheap long,,test,couch,long,cheap,scalar,second,1,unimodal,5,4.684
20,ch_test_6,long cheap,,test,couch,long,cheap,scalar,first,1,unimodal,4,5.931
20,ch_test_7,discounted long,,test,couch,long,discounted,absolute,second,1,unimodal,5,2.927
20,ch_test_8,long discounted,,test,couch,long,discounted,absolute,first,1,unimodal,4,3.221
20,tv_filler_1,,questionable,filler,tv,,,,,1,bimodal,5,3.254
20,tv_filler_2,,questionable,filler,tv,,,,,1,bimodal,2,7.889
20,tv_filler_3,,acceptable,filler,tv,,,,,1,bimodal,5,2.072
20,tv_filler_4,,acceptable,filler,tv,,,,,1,bimodal,5,2.824
20,tv_filler_5,,acceptable,filler,tv,,,,,1,bimodal,5,1.703
20,tv_filler_6,,unacceptable,filler,tv,,,,,1,bimodal,5,2.762
20,tv_filler_7,,unacceptable,filler,tv,,,,,1,bimodal,1,4.17
20,tv_filler_8,,unacceptable,filler,tv,,,,,1,bimodal,1,2.617
20,tv_filler_9,,unacceptable,filler,tv,,,,,1,bimodal,1,9.185
20,tv_filler_10,,acceptable,filler,tv,,,,,1,bimodal,5,4.205
20,ch_filler_1,,questionable,filler,couch,,,,,1,unimodal,5,3.582
20,ch_filler_2,,acceptable,filler,couch,,,,,1,unimodal,5,6.972
20,ch_filler_3,,acceptable,filler,couch,,,,,1,unimodal,5,2.124
20,ch_filler_4,,questionable,filler,couch,,,,,1,unimodal,2,6.345
20,ch_filler_5,,questionable,filler,couch,,,,,1,unimodal,2,3.137
20,ch_filler_6,,acceptable,filler,couch,,,,,1,unimodal,5,4.644
20,ch_filler_7,,unacceptable,filler,couch,,,,,1,unimodal,5,2.38
20,ch_filler_8,,unacceptable,filler,couch,,,,,1,unimodal,1,3.661
20,ch_filler_9,,acceptable,filler,couch,,,,,1,unimodal,5,4.035
20,ch_filler_10,,unacceptable,filler,couch,,,,,1,unimodal,1,5.045
21,tv_test_1,big expensive,,test,tv,big,expensive,scalar,first,1,bimodal,5,1.976
21,tv_test_2,expensive big,,test,tv,big,expensive,scalar,second,1,bimodal,3,7.656
21,tv_test_3,refurbished big,,test,tv,big,refurbished,absolute,second,1,bimodal,2,3.561
21,tv_test_4,big refurbished,,test,tv,big,refurbished,absolute,first,1,bimodal,3,10.722
21,tv_test_5,big cheap,,test,tv,big,cheap,scalar,first,1,bimodal,5,2.138
21,tv_test_6,cheap big,,test,tv,big,cheap,scalar,second,1,bimodal,2,4.605
21,tv_test_7,big discounted,,test,tv,big,discounted,absolute,first,1,bimodal,4,2.591
21,tv_test_8,discounted big,,test,tv,big,discounted,absolute,second,1,bimodal,3,3.43
21,ch_test_1,long expensive,,test,couch,long,expensive,scalar,first,1,unimodal,5,2.958
21,ch_test_2,expensive long,,test,couch,long,expensive,scalar,second,1,unimodal,3,6.865
21,ch_test_3,leather long,,test,couch,long,leather,absolute,second,1,unimodal,1,3.556
21,ch_test_4,long leather,,test,couch,long,leather,absolute,first,1,unimodal,5,5.794
21,ch_test_5,cheap long,,test,couch,long,cheap,scalar,second,1,unimodal,3,6.867
21,ch_test_6,long cheap,,test,couch,long,cheap,scalar,first,1,unimodal,5,2.578
21,ch_test_7,discounted long,,test,couch,long,discounted,absolute,second,1,unimodal,3,5.639
21,ch_test_8,long discounted,,test,couch,long,discounted,absolute,first,1,unimodal,1,10.441
21,tv_filler_1,,questionable,filler,tv,,,,,1,bimodal,2,2.089
21,tv_filler_2,,questionable,filler,tv,,,,,1,bimodal,1,2.907
21,tv_filler_3,,acceptable,filler,tv,,,,,1,bimodal,5,2.833
21,tv_filler_4,,acceptable,filler,tv,,,,,1,bimodal,3,2.461
21,tv_filler_5,,acceptable,filler,tv,,,,,1,bimodal,5,1.7
21,tv_filler_6,,unacceptable,filler,tv,,,,,1,bimodal,1,2.02
21,tv_filler_7,,unacceptable,filler,tv,,,,,1,bimodal,1,4.05
21,tv_filler_8,,unacceptable,filler,tv,,,,,1,bimodal,5,1.754
21,tv_filler_9,,unacceptable,filler,tv,,,,,1,bimodal,1,3.014
21,tv_filler_10,,acceptable,filler,tv,,,,,1,bimodal,5,2.446
21,ch_filler_1,,questionable,filler,couch,,,,,1,unimodal,3,3.348
21,ch_filler_2,,acceptable,filler,couch,,,,,1,unimodal,5,1.989
21,ch_filler_3,,acceptable,filler,couch,,,,,1,unimodal,5,2.261
21,ch_filler_4,,questionable,filler,couch,,,,,1,unimodal,2,2.438
21,ch_filler_5,,questionable,filler,couch,,,,,1,unimodal,1,2.095
21,ch_filler_6,,acceptable,filler,couch,,,,,1,unimodal,5,2.036
21,ch_filler_7,,unacceptable,filler,couch,,,,,1,unimodal,1,2.302
21,ch_filler_8,,unacceptable,filler,couch,,,,,1,unimodal,1,4.384
21,ch_filler_9,,acceptable,filler,couch,,,,,1,unimodal,4,4.517
21,ch_filler_10,,unacceptable,filler,couch,,,,,1,unimodal,5,2.642
22,tv_test_1,big expensive,,test,tv,big,expensive,scalar,first,2,unimodal,4,2.603
22,tv_test_2,expensive big,,test,tv,big,expensive,scalar,second,2,unimodal,5,5.004
22,tv_test_3,refurbished big,,test,tv,big,refurbished,absolute,second,2,unimodal,4,6.767
22,tv_test_4,big refurbished,,test,tv,big,refurbished,absolute,first,2,unimodal,5,10.04
22,tv_test_5,big cheap,,test,tv,big,cheap,scalar,first,2,unimodal,4,23.103
22,tv_test_6,cheap big,,test,tv,big,cheap,scalar,second,2,unimodal,4,12.54
22,tv_test_7,big discounted,,test,tv,big,discounted,absolute,first,2,unimodal,4,5.962
22,tv_test_8,discounted big,,test,tv,big,discounted,absolute,second,2,unimodal,5,3.234
22,ch_test_1,long expensive,,test,couch,long,expensive,scalar,first,2,bimodal,5,6.301
22,ch_test_2,expensive long,,test,couch,long,expensive,scalar,second,2,bimodal,5,5.25
22,ch_test_3,leather long,,test,couch,long,leather,absolute,second,2,bimodal,2,4.091
22,ch_test_4,long leather,,test,couch,long,leather,absolute,first,2,bimodal,5,2.602
22,ch_test_5,cheap long,,test,couch,long,cheap,scalar,second,2,bimodal,5,3.621
22,ch_test_6,long cheap,,test,couch,long,cheap,scalar,first,2,bimodal,4,3.02
22,ch_test_7,discounted long,,test,couch,long,discounted,absolute,second,2,bimodal,4,4.925
22,ch_test_8,long discounted,,test,couch,long,discounted,absolute,first,2,bimodal,4,3.396
22,tv_filler_1,,questionable,filler,tv,,,,,2,unimodal,3,8.133
22,tv_filler_2,,questionable,filler,tv,,,,,2,unimodal,2,5.573
22,tv_filler_3,,acceptable,filler,tv,,,,,2,unimodal,5,6.327
22,tv_filler_4,,acceptable,filler,tv,,,,,2,unimodal,5,2.396
22,tv_filler_5,,acceptable,filler,tv,,,,,2,unimodal,5,2.838
22,tv_filler_6,,unacceptable,filler,tv,,,,,2,unimodal,1,4.123
22,tv_filler_7,,unacceptable,filler,tv,,,,,2,unimodal,1,17.152
22,tv_filler_8,,unacceptable,filler,tv,,,,,2,unimodal,5,2.542
22,tv_filler_9,,unacceptable,filler,tv,,,,,2,unimodal,1,12.15
22,tv_filler_10,,acceptable,filler,tv,,,,,2,unimodal,4,13.697
22,ch_filler_1,,questionable,filler,couch,,,,,2,bimodal,5,7.545
22,ch_filler_2,,acceptable,filler,couch,,,,,2,bimodal,5,5.681
22,ch_filler_3,,acceptable,filler,couch,,,,,2,bimodal,5,3.3
22,ch_filler_4,,questionable,filler,couch,,,,,2,bimodal,2,5.673
22,ch_filler_5,,questionable,filler,couch,,,,,2,bimodal,3,5.111
22,ch_filler_6,,acceptable,filler,couch,,,,,2,bimodal,5,3.815
22,ch_filler_7,,unacceptable,filler,couch,,,,,2,bimodal,1,2.201
22,ch_filler_8,,unacceptable,filler,couch,,,,,2,bimodal,1,3.027
22,ch_filler_9,,acceptable,filler,couch,,,,,2,bimodal,5,4.205
22,ch_filler_10,,unacceptable,filler,couch,,,,,2,bimodal,5,5.542
23,tv_test_1,big expensive,,test,tv,big,expensive,scalar,first,2,unimodal,4,16.805
23,tv_test_2,expensive big,,test,tv,big,expensive,scalar,second,2,unimodal,4,8.096
23,tv_test_3,refurbished big,,test,tv,big,refurbished,absolute,second,2,unimodal,4,18.539
23,tv_test_4,big refurbished,,test,tv,big,refurbished,absolute,first,2,unimodal,4,12.447
23,tv_test_5,big cheap,,test,tv,big,cheap,scalar,first,2,unimodal,2,16.037
23,tv_test_6,cheap big,,test,tv,big,cheap,scalar,second,2,unimodal,3,14.968
23,tv_test_7,big discounted,,test,tv,big,discounted,absolute,first,2,unimodal,2,10.2
23,tv_test_8,discounted big,,test,tv,big,discounted,absolute,second,2,unimodal,4,10.779
23,ch_test_1,long expensive,,test,couch,long,expensive,scalar,first,2,bimodal,3,18.294
23,ch_test_2,expensive long,,test,couch,long,expensive,scalar,second,2,bimodal,4,11.975
23,ch_test_3,leather long,,test,couch,long,leather,absolute,second,2,bimodal,3,14.937
23,ch_test_4,long leather,,test,couch,long,leather,absolute,first,2,bimodal,5,6.531
23,ch_test_5,cheap long,,test,couch,long,cheap,scalar,second,2,bimodal,4,4.987
23,ch_test_6,long cheap,,test,couch,long,cheap,scalar,first,2,bimodal,3,27.0
23,ch_test_7,discounted long,,test,couch,long,discounted,absolute,second,2,bimodal,4,4.898
23,ch_test_8,long discounted,,test,couch,long,discounted,absolute,first,2,bimodal,3,19.565
23,tv_filler_1,,questionable,filler,tv,,,,,2,unimodal,2,8.156
23,tv_filler_2,,questionable,filler,tv,,,,,2,unimodal,2,11.625
23,tv_filler_3,,acceptable,filler,tv,,,,,2,unimodal,4,4.982
23,tv_filler_4,,acceptable,filler,tv,,,,,2,unimodal,5,5.971
23,tv_filler_5,,acceptable,filler,tv,,,,,2,unimodal,5,5.566
23,tv_filler_6,,unacceptable,filler,tv,,,,,2,unimodal,1,3.87
23,tv_filler_7,,unacceptable,filler,tv,,,,,2,unimodal,1,4.131
23,tv_filler_8,,unacceptable,filler,tv,,,,,2,unimodal,1,2.644
23,tv_filler_9,,unacceptable,filler,tv,,,,,2,unimodal,1,5.651
23,tv_filler_10,,acceptable,filler,tv,,,,,2,unimodal,5,3.107
23,ch_filler_1,,questionable,filler,couch,,,,,2,bimodal,4,6.233
23,ch_filler_2,,acceptable,filler,couch,,,,,2,bimodal,5,4.42
23,ch_filler_3,,acceptable,filler,couch,,,,,2,bimodal,5,5.667
23,ch_filler_4,,questionable,filler,couch,,,,,2,bimodal,4,8.822
23,ch_filler_5,,questionable,filler,couch,,,,,2,bimodal,2,12.282
23,ch_filler_6,,acceptable,filler,couch,,,,,2,bimodal,5,4.669
23,ch_filler_7,,unacceptable,filler,couch,,,,,2,bimodal,1,3.551
23,ch_filler_8,,unacceptable,filler,couch,,,,,2,bimodal,1,5.08
23,ch_filler_9,,acceptable,filler,couch,,,,,2,bimodal,5,8.874
23,ch_filler_10,,unacceptable,filler,couch,,,,,2,bimodal,1,5.176
24,tv_test_1,big expensive,,test,tv,big,expensive,scalar,first,1,bimodal,3,11.22
24,tv_test_2,expensive big,,test,tv,big,expensive,scalar,second,1,bimodal,1,1.74
24,tv_test_3,refurbished big,,test,tv,big,refurbished,absolute,second,1,bimodal,2,28.003
24,tv_test_4,big refurbished,,test,tv,big,refurbished,absolute,first,1,bimodal,2,30.845
24,tv_test_5,big cheap,,test,tv,big,cheap,scalar,first,1,bimodal,1,1.855
24,tv_test_6,cheap big,,test,tv,big,cheap,scalar,second,1,bimodal,2,1.748
24,tv_test_7,big discounted,,test,tv,big,discounted,absolute,first,1,bimodal,4,13.576
24,tv_test_8,discounted big,,test,tv,big,discounted,absolute,second,1,bimodal,4,3.259
24,ch_test_1,long expensive,,test,couch,long,expensive,scalar,first,1,unimodal,2,1.504
24,ch_test_2,expensive long,,test,couch,long,expensive,scalar,second,1,unimodal,2,4.714
24,ch_test_3,leather long,,test,couch,long,leather,absolute,second,1,unimodal,4,7.331
24,ch_test_4,long leather,,test,couch,long,leather,absolute,first,1,unimodal,4,3.805
24,ch_test_5,cheap long,,test,couch,long,cheap,scalar,second,1,unimodal,2,6.394
24,ch_test_6,long cheap,,test,couch,long,cheap,scalar,first,1,unimodal,2,14.884
24,ch_test_7,discounted long,,test,couch,long,discounted,absolute,second,1,unimodal,2,1.405
24,ch_test_8,long discounted,,test,couch,long,discounted,absolute,first,1,unimodal,4,6.838
24,tv_filler_1,,questionable,filler,tv,,,,,1,bimodal,4,15.149
24,tv_filler_2,,questionable,filler,tv,,,,,1,bimodal,1,68.407
24,tv_filler_3,,acceptable,filler,tv,,,,,1,bimodal,4,2.491
24,tv_filler_4,,acceptable,filler,tv,,,,,1,bimodal,2,4.145
24,tv_filler_5,,acceptable,filler,tv,,,,,1,bimodal,5,2.288
24,tv_filler_6,,unacceptable,filler,tv,,,,,1,bimodal,1,4.103
24,tv_filler_7,,unacceptable,filler,tv,,,,,1,bimodal,1,21.11
24,tv_filler_8,,unacceptable,filler,tv,,,,,1,bimodal,1,1.929
24,tv_filler_9,,unacceptable,filler,tv,,,,,1,bimodal,4,2.087
24,tv_filler_10,,acceptable,filler,tv,,,,,1,bimodal,5,1.627
24,ch_filler_1,,questionable,filler,couch,,,,,1,unimodal,4,2.905
24,ch_filler_2,,acceptable,filler,couch,,,,,1,unimodal,5,2.604
24,ch_filler_3,,acceptable,filler,couch,,,,,1,unimodal,2,8.734
24,ch_filler_4,,questionable,filler,couch,,,,,1,unimodal,3,44.572
24,ch_filler_5,,questionable,filler,couch,,,,,1,unimodal,3,47.299
24,ch_filler_6,,acceptable,filler,couch,,,,,1,unimodal,5,27.976
24,ch_filler_7,,unacceptable,filler,couch,,,,,1,unimodal,1,1.576
24,ch_filler_8,,unacceptable,filler,couch,,,,,1,unimodal,1,61.553
24,ch_filler_9,,acceptable,filler,couch,,,,,1,unimodal,4,1.882
24,ch_filler_10,,unacceptable,filler,couch,,,,,1,unimodal,4,3.464
25,tv_test_1,big expensive,,test,tv,big,expensive,scalar,first,1,bimodal,4,2.442
25,tv_test_2,expensive big,,test,tv,big,expensive,scalar,second,1,bimodal,4,3.835
25,tv_test_3,refurbished big,,test,tv,big,refurbished,absolute,second,1,bimodal,3,1.503
25,tv_test_4,big refurbished,,test,tv,big,refurbished,absolute,first,1,bimodal,3,7.992
25,tv_test_5,big cheap,,test,tv,big,cheap,scalar,first,1,bimodal,4,2.242
25,tv_test_6,cheap big,,test,tv,big,cheap,scalar,second,1,bimodal,4,4.919
25,tv_test_7,big discounted,,test,tv,big,discounted,absolute,first,1,bimodal,4,2.987
25,tv_test_8,discounted big,,test,tv,big,discounted,absolute,second,1,bimodal,3,4.536
25,ch_test_1,long expensive,,test,couch,long,expensive,scalar,first,1,unimodal,4,2.277
25,ch_test_2,expensive long,,test,couch,long,expensive,scalar,second,1,unimodal,4,2.38
25,ch_test_3,leather long,,test,couch,long,leather,absolute,second,1,unimodal,3,2.101
25,ch_test_4,long leather,,test,couch,long,leather,absolute,first,1,unimodal,4,1.885
25,ch_test_5,cheap long,,test,couch,long,cheap,scalar,second,1,unimodal,4,3.2
25,ch_test_6,long cheap,,test,couch,long,cheap,scalar,first,1,unimodal,4,3.525
25,ch_test_7,discounted long,,test,couch,long,discounted,absolute,second,1,unimodal,3,1.668
25,ch_test_8,long discounted,,test,couch,long,discounted,absolute,first,1,unimodal,4,3.726
25,tv_filler_1,,questionable,filler,tv,,,,,1,bimodal,4,1.774
25,tv_filler_2,,questionable,filler,tv,,,,,1,bimodal,1,3.885
25,tv_filler_3,,acceptable,filler,tv,,,,,1,bimodal,5,3.157
25,tv_filler_4,,acceptable,filler,tv,,,,,1,bimodal,4,3.803
25,tv_filler_5,,acceptable,filler,tv,,,,,1,bimodal,5,1.761
25,tv_filler_6,,unacceptable,filler,tv,,,,,1,bimodal,1,4.871
25,tv_filler_7,,unacceptable,filler,tv,,,,,1,bimodal,1,3.38
25,tv_filler_8,,unacceptable,filler,tv,,,,,1,bimodal,1,2.768
25,tv_filler_9,,unacceptable,filler,tv,,,,,1,bimodal,1,6.068
25,tv_filler_10,,acceptable,filler,tv,,,,,1,bimodal,5,2.524
25,ch_filler_1,,questionable,filler,couch,,,,,1,unimodal,4,2.397
25,ch_filler_2,,acceptable,filler,couch,,,,,1,unimodal,4,1.912
25,ch_filler_3,,acceptable,filler,couch,,,,,1,unimodal,5,1.749
25,ch_filler_4,,questionable,filler,couch,,,,,1,unimodal,1,5.669
25,ch_filler_5,,questionable,filler,couch,,,,,1,unimodal,2,3.671
25,ch_filler_6,,acceptable,filler,couch,,,,,1,unimodal,4,1.399
25,ch_filler_7,,unacceptable,filler,couch,,,,,1,unimodal,1,1.463
25,ch_filler_8,,unacceptable,filler,couch,,,,,1,unimodal,5,1.568
25,ch_filler_9,,acceptable,filler,couch,,,,,1,unimodal,4,3.601
25,ch_filler_10,,unacceptable,filler,couch,,,,,1,unimodal,4,1.901
26,tv_test_1,big expensive,,test,tv,big,expensive,scalar,first,2,unimodal,4,0.593
26,tv_test_2,expensive big,,test,tv,big,expensive,scalar,second,2,unimodal,5,1.891
26,tv_test_3,refurbished big,,test,tv,big,refurbished,absolute,second,2,unimodal,3,2.071
26,tv_test_4,big refurbished,,test,tv,big,refurbished,absolute,first,2,unimodal,1,1.105
26,tv_test_5,big cheap,,test,tv,big,cheap,scalar,first,2,unimodal,2,2.218
26,tv_test_6,cheap big,,test,tv,big,cheap,scalar,second,2,unimodal,3,9.936
26,tv_test_7,big discounted,,test,tv,big,discounted,absolute,first,2,unimodal,3,1.723
26,tv_test_8,discounted big,,test,tv,big,discounted,absolute,second,2,unimodal,3,7.644
26,ch_test_1,long expensive,,test,couch,long,expensive,scalar,first,2,bimodal,2,4.799
26,ch_test_2,expensive long,,test,couch,long,expensive,scalar,second,2,bimodal,2,2.248
26,ch_test_3,leather long,,test,couch,long,leather,absolute,second,2,bimodal,4,0.796
26,ch_test_4,long leather,,test,couch,long,leather,absolute,first,2,bimodal,3,1.586
26,ch_test_5,cheap long,,test,couch,long,cheap,scalar,second,2,bimodal,2,0.912
26,ch_test_6,long cheap,,test,couch,long,cheap,scalar,first,2,bimodal,2,7.348
26,ch_test_7,discounted long,,test,couch,long,discounted,absolute,second,2,bimodal,2,4.219
26,ch_test_8,long discounted,,test,couch,long,discounted,absolute,first,2,bimodal,2,1.195
26,tv_filler_1,,questionable,filler,tv,,,,,2,unimodal,4,0.893
26,tv_filler_2,,questionable,filler,tv,,,,,2,unimodal,4,0.67
26,tv_filler_3,,acceptable,filler,tv,,,,,2,unimodal,3,1.856
26,tv_filler_4,,acceptable,filler,tv,,,,,2,unimodal,3,1.446
26,tv_filler_5,,acceptable,filler,tv,,,,,2,unimodal,3,0.519
26,tv_filler_6,,unacceptable,filler,tv,,,,,2,unimodal,4,1.031
26,tv_filler_7,,unacceptable,filler,tv,,,,,2,unimodal,4,0.863
26,tv_filler_8,,unacceptable,filler,tv,,,,,2,unimodal,5,1.447
26,tv_filler_9,,unacceptable,filler,tv,,,,,2,unimodal,5,2.484
26,tv_filler_10,,acceptable,filler,tv,,,,,2,unimodal,5,1.219
26,ch_filler_1,,questionable,filler,couch,,,,,2,bimodal,2,0.712
26,ch_filler_2,,acceptable,filler,couch,,,,,2,bimodal,2,0.489
26,ch_filler_3,,acceptable,filler,couch,,,,,2,bimodal,2,0.949
26,ch_filler_4,,questionable,filler,couch,,,,,2,bimodal,3,1.259
26,ch_filler_5,,questionable,filler,couch,,,,,2,bimodal,3,0.742
26,ch_filler_6,,acceptable,filler,couch,,,,,2,bimodal,5,3.138
26,ch_filler_7,,unacceptable,filler,couch,,,,,2,bimodal,2,0.618
26,ch_filler_8,,unacceptable,filler,couch,,,,,2,bimodal,3,3.753
26,ch_filler_9,,acceptable,filler,couch,,,,,2,bimodal,2,1.745
26,ch_filler_10,,unacceptable,filler,couch,,,,,2,bimodal,3,1.111
27,tv_test_1,big expensive,,test,tv,big,expensive,scalar,first,2,unimodal,5,2.92
27,tv_test_2,expensive big,,test,tv,big,expensive,scalar,second,2,unimodal,5,1.3
27,tv_test_3,refurbished big,,test,tv,big,refurbished,absolute,second,2,unimodal,5,1.471
27,tv_test_4,big refurbished,,test,tv,big,refurbished,absolute,first,2,unimodal,5,1.134
27,tv_test_5,big cheap,,test,tv,big,cheap,scalar,first,2,unimodal,5,2.302
27,tv_test_6,cheap big,,test,tv,big,cheap,scalar,second,2,unimodal,5,3.251
27,tv_test_7,big discounted,,test,tv,big,discounted,absolute,first,2,unimodal,5,1.005
27,tv_test_8,discounted big,,test,tv,big,discounted,absolute,second,2,unimodal,5,1.088
27,ch_test_1,long expensive,,test,couch,long,expensive,scalar,first,2,bimodal,5,4.436
27,ch_test_2,expensive long,,test,couch,long,expensive,scalar,second,2,bimodal,5,1.423
27,ch_test_3,leather long,,test,couch,long,leather,absolute,second,2,bimodal,5,3.16
27,ch_test_4,long leather,,test,couch,long,leather,absolute,first,2,bimodal,5,2.8
27,ch_test_5,cheap long,,test,couch,long,cheap,scalar,second,2,bimodal,5,2.381
27,ch_test_6,long cheap,,test,couch,long,cheap,scalar,first,2,bimodal,5,2.417
27,ch_test_7,discounted long,,test,couch,long,discounted,absolute,second,2,bimodal,5,2.48
27,ch_test_8,long discounted,,test,couch,long,discounted,absolute,first,2,bimodal,5,1.057
27,tv_filler_1,,questionable,filler,tv,,,,,2,unimodal,5,1.739
27,tv_filler_2,,questionable,filler,tv,,,,,2,unimodal,1,2.422
27,tv_filler_3,,acceptable,filler,tv,,,,,2,unimodal,5,1.56
27,tv_filler_4,,acceptable,filler,tv,,,,,2,unimodal,5,2.299
27,tv_filler_5,,acceptable,filler,tv,,,,,2,unimodal,5,3.333
27,tv_filler_6,,unacceptable,filler,tv,,,,,2,unimodal,1,2.247
27,tv_filler_7,,unacceptable,filler,tv,,,,,2,unimodal,1,2.972
27,tv_filler_8,,unacceptable,filler,tv,,,,,2,unimodal,1,37.763
27,tv_filler_9,,unacceptable,filler,tv,,,,,2,unimodal,1,2.294
27,tv_filler_10,,acceptable,filler,tv,,,,,2,unimodal,5,1.225
27,ch_filler_1,,questionable,filler,couch,,,,,2,bimodal,5,8.017
27,ch_filler_2,,acceptable,filler,couch,,,,,2,bimodal,5,1.241
27,ch_filler_3,,acceptable,filler,couch,,,,,2,bimodal,5,3.144
27,ch_filler_4,,questionable,filler,couch,,,,,2,bimodal,2,6.479
27,ch_filler_5,,questionable,filler,couch,,,,,2,bimodal,2,7.071
27,ch_filler_6,,acceptable,filler,couch,,,,,2,bimodal,5,1.882
27,ch_filler_7,,unacceptable,filler,couch,,,,,2,bimodal,1,1.6
27,ch_filler_8,,unacceptable,filler,couch,,,,,2,bimodal,1,1.869
27,ch_filler_9,,acceptable,filler,couch,,,,,2,bimodal,5,2.753
27,ch_filler_10,,unacceptable,filler,couch,,,,,2,bimodal,1,1.995
28,tv_test_1,big expensive,,test,tv,big,expensive,scalar,first,2,unimodal,4,4.088
28,tv_test_2,expensive big,,test,tv,big,expensive,scalar,second,2,unimodal,3,12.544
28,tv_test_3,refurbished big,,test,tv,big,refurbished,absolute,second,2,unimodal,5,3.251
28,tv_test_4,big refurbished,,test,tv,big,refurbished,absolute,first,2,unimodal,5,3.496
28,tv_test_5,big cheap,,test,tv,big,cheap,scalar,first,2,unimodal,4,5.452
28,tv_test_6,cheap big,,test,tv,big,cheap,scalar,second,2,unimodal,5,5.524
28,tv_test_7,big discounted,,test,tv,big,discounted,absolute,first,2,unimodal,4,7.708
28,tv_test_8,discounted big,,test,tv,big,discounted,absolute,second,2,unimodal,4,5.919
28,ch_test_1,long expensive,,test,couch,long,expensive,scalar,first,2,bimodal,3,8.924
28,ch_test_2,expensive long,,test,couch,long,expensive,scalar,second,2,bimodal,4,5.428
28,ch_test_3,leather long,,test,couch,long,leather,absolute,second,2,bimodal,5,4.101
28,ch_test_4,long leather,,test,couch,long,leather,absolute,first,2,bimodal,5,2.431
28,ch_test_5,cheap long,,test,couch,long,cheap,scalar,second,2,bimodal,5,6.01
28,ch_test_6,long cheap,,test,couch,long,cheap,scalar,first,2,bimodal,3,3.714
28,ch_test_7,discounted long,,test,couch,long,discounted,absolute,second,2,bimodal,5,7.775
28,ch_test_8,long discounted,,test,couch,long,discounted,absolute,first,2,bimodal,3,4.263
28,tv_filler_1,,questionable,filler,tv,,,,,2,unimodal,5,3.196
28,tv_filler_2,,questionable,filler,tv,,,,,2,unimodal,1,6.523
28,tv_filler_3,,acceptable,filler,tv,,,,,2,unimodal,5,4.065
28,tv_filler_4,,acceptable,filler,tv,,,,,2,unimodal,5,2.133
28,tv_filler_5,,acceptable,filler,tv,,,,,2,unimodal,5,1.86
28,tv_filler_6,,unacceptable,filler,tv,,,,,2,unimodal,1,1.908
28,tv_filler_7,,unacceptable,filler,tv,,,,,2,unimodal,1,4.376
28,tv_filler_8,,unacceptable,filler,tv,,,,,2,unimodal,1,1.765
28,tv_filler_9,,unacceptable,filler,tv,,,,,2,unimodal,1,3.825
28,tv_filler_10,,acceptable,filler,tv,,,,,2,unimodal,5,1.577
28,ch_filler_1,,questionable,filler,couch,,,,,2,bimodal,4,6.543
28,ch_filler_2,,acceptable,filler,couch,,,,,2,bimodal,5,2.038
28,ch_filler_3,,acceptable,filler,couch,,,,,2,bimodal,5,3.084
28,ch_filler_4,,questionable,filler,couch,,,,,2,bimodal,2,3.999
28,ch_filler_5,,questionable,filler,couch,,,,,2,bimodal,2,7.276
28,ch_filler_6,,acceptable,filler,couch,,,,,2,bimodal,5,2.035
28,ch_filler_7,,unacceptable,filler,couch,,,,,2,bimodal,1,1.845
28,ch_filler_8,,unacceptable,filler,couch,,,,,2,bimodal,1,1.9
28,ch_filler_9,,acceptable,filler,couch,,,,,2,bimodal,5,5.768
28,ch_filler_10,,unacceptable,filler,couch,,,,,2,bimodal,1,2.421
29,tv_test_1,big expensive,,test,tv,big,expensive,scalar,first,1,bimodal,5,3.494
29,tv_test_2,expensive big,,test,tv,big,expensive,scalar,second,1,bimodal,5,4.136
29,tv_test_3,refurbished big,,test,tv,big,refurbished,absolute,second,1,bimodal,5,3.115
29,tv_test_4,big refurbished,,test,tv,big,refurbished,absolute,first,1,bimodal,5,2.45
29,tv_test_5,big cheap,,test,tv,big,cheap,scalar,first,1,bimodal,5,2.732
29,tv_test_6,cheap big,,test,tv,big,cheap,scalar,second,1,bimodal,5,3.205
29,tv_test_7,big discounted,,test,tv,big,discounted,absolute,first,1,bimodal,5,2.053
29,tv_test_8,discounted big,,test,tv,big,discounted,absolute,second,1,bimodal,5,2.872
29,ch_test_1,long expensive,,test,couch,long,expensive,scalar,first,1,unimodal,5,2.326
29,ch_test_2,expensive long,,test,couch,long,expensive,scalar,second,1,unimodal,5,3.113
29,ch_test_3,leather long,,test,couch,long,leather,absolute,second,1,unimodal,2,4.648
29,ch_test_4,long leather,,test,couch,long,leather,absolute,first,1,unimodal,5,3.271
29,ch_test_5,cheap long,,test,couch,long,cheap,scalar,second,1,unimodal,5,3.393
29,ch_test_6,long cheap,,test,couch,long,cheap,scalar,first,1,unimodal,5,3.129
29,ch_test_7,discounted long,,test,couch,long,discounted,absolute,second,1,unimodal,5,3.232
29,ch_test_8,long discounted,,test,couch,long,discounted,absolute,first,1,unimodal,2,4.98
29,tv_filler_1,,questionable,filler,tv,,,,,1,bimodal,3,4.815
29,tv_filler_2,,questionable,filler,tv,,,,,1,bimodal,5,3.358
29,tv_filler_3,,acceptable,filler,tv,,,,,1,bimodal,5,3.15
29,tv_filler_4,,acceptable,filler,tv,,,,,1,bimodal,5,2.451
29,tv_filler_5,,acceptable,filler,tv,,,,,1,bimodal,5,2.243
29,tv_filler_6,,unacceptable,filler,tv,,,,,1,bimodal,1,3.124
29,tv_filler_7,,unacceptable,filler,tv,,,,,1,bimodal,1,3.196
29,tv_filler_8,,unacceptable,filler,tv,,,,,1,bimodal,1,2.302
29,tv_filler_9,,unacceptable,filler,tv,,,,,1,bimodal,1,2.613
29,tv_filler_10,,acceptable,filler,tv,,,,,1,bimodal,5,2.329
29,ch_filler_1,,questionable,filler,couch,,,,,1,unimodal,5,2.36
29,ch_filler_2,,acceptable,filler,couch,,,,,1,unimodal,5,2.008
29,ch_filler_3,,acceptable,filler,couch,,,,,1,unimodal,5,6.359
29,ch_filler_4,,questionable,filler,couch,,,,,1,unimodal,1,3.931
29,ch_filler_5,,questionable,filler,couch,,,,,1,unimodal,3,7.75
29,ch_filler_6,,acceptable,filler,couch,,,,,1,unimodal,5,3.073
29,ch_filler_7,,unacceptable,filler,couch,,,,,1,unimodal,1,3.043
29,ch_filler_8,,unacceptable,filler,couch,,,,,1,unimodal,1,2.314
29,ch_filler_9,,acceptable,filler,couch,,,,,1,unimodal,5,3.03
29,ch_filler_10,,unacceptable,filler,couch,,,,,1,unimodal,5,2.807
30,tv_test_1,big expensive,,test,tv,big,expensive,scalar,first,2,unimodal,3,3.233
30,tv_test_2,expensive big,,test,tv,big,expensive,scalar,second,2,unimodal,2,2.895
30,tv_test_3,refurbished big,,test,tv,big,refurbished,absolute,second,2,unimodal,3,2.501
30,tv_test_4,big refurbished,,test,tv,big,refurbished,absolute,first,2,unimodal,3,10.645
30,tv_test_5,big cheap,,test,tv,big,cheap,scalar,first,2,unimodal,3,5.4
30,tv_test_6,cheap big,,test,tv,big,cheap,scalar,second,2,unimodal,2,4.034
30,tv_test_7,big discounted,,test,tv,big,discounted,absolute,first,2,unimodal,3,2.604
30,tv_test_8,discounted big,,test,tv,big,discounted,absolute,second,2,unimodal,4,3.063
30,ch_test_1,long expensive,,test,couch,long,expensive,scalar,first,2,bimodal,2,4.315
30,ch_test_2,expensive long,,test,couch,long,expensive,scalar,second,2,bimodal,2,13.949
30,ch_test_3,leather long,,test,couch,long,leather,absolute,second,2,bimodal,5,3.198
30,ch_test_4,long leather,,test,couch,long,leather,absolute,first,2,bimodal,3,7.137
30,ch_test_5,cheap long,,test,couch,long,cheap,scalar,second,2,bimodal,3,2.098
30,ch_test_6,long cheap,,test,couch,long,cheap,scalar,first,2,bimodal,5,3.904
30,ch_test_7,discounted long,,test,couch,long,discounted,absolute,second,2,bimodal,3,2.33
30,ch_test_8,long discounted,,test,couch,long,discounted,absolute,first,2,bimodal,3,2.901
30,tv_filler_1,,questionable,filler,tv,,,,,2,unimodal,1,2.799
30,tv_filler_2,,questionable,filler,tv,,,,,2,unimodal,1,2.685
30,tv_filler_3,,acceptable,filler,tv,,,,,2,unimodal,2,3.769
30,tv_filler_4,,acceptable,filler,tv,,,,,2,unimodal,4,6.898
30,tv_filler_5,,acceptable,filler,tv,,,,,2,unimodal,4,2.081
30,tv_filler_6,,unacceptable,filler,tv,,,,,2,unimodal,1,3.477
30,tv_filler_7,,unacceptable,filler,tv,,,,,2,unimodal,1,2.918
30,tv_filler_8,,unacceptable,filler,tv,,,,,2,unimodal,1,4.001
30,tv_filler_9,,unacceptable,filler,tv,,,,,2,unimodal,4,3.209
30,tv_filler_10,,acceptable,filler,tv,,,,,2,unimodal,5,2.46
30,ch_filler_1,,questionable,filler,couch,,,,,2,bimodal,3,44.341
30,ch_filler_2,,acceptable,filler,couch,,,,,2,bimodal,5,1.946
30,ch_filler_3,,acceptable,filler,couch,,,,,2,bimodal,3,3.439
30,ch_filler_4,,questionable,filler,couch,,,,,2,bimodal,1,2.669
30,ch_filler_5,,questionable,filler,couch,,,,,2,bimodal,1,12.79
30,ch_filler_6,,acceptable,filler,couch,,,,,2,bimodal,4,4.509
30,ch_filler_7,,unacceptable,filler,couch,,,,,2,bimodal,1,2.806
30,ch_filler_8,,unacceptable,filler,couch,,,,,2,bimodal,5,2.113
30,ch_filler_9,,acceptable,filler,couch,,,,,2,bimodal,4,3.607
30,ch_filler_10,,unacceptable,filler,couch,,,,,2,bimodal,1,2.865
1,intro_prolific_id,,,meta,,,,,,2,,,
1,intro_native,,,meta,,,,,,2,,Yes,
1,intro_other_langs,,,meta,,,,,,2,,0,
1,intro_gender,,,meta,,,,,,2,,Female,
2,intro_prolific_id,,,meta,,,,,,2,,,
2,intro_native,,,meta,,,,,,2,,Yes,
2,intro_other_langs,,,meta,,,,,,2,,0,
2,intro_gender,,,meta,,,,,,2,,Female,
3,intro_prolific_id,,,meta,,,,,,2,,,
3,intro_native,,,meta,,,,,,2,,Yes,
3,intro_other_langs,,,meta,,,,,,2,,0,
3,intro_gender,,,meta,,,,,,2,,Female,
4,intro_prolific_id,,,meta,,,,,,2,,,
4,intro_native,,,meta,,,,,,2,,Yes,
4,intro_other_langs,,,meta,,,,,,2,,0,
4,intro_gender,,,meta,,,,,,2,,Female,
5,intro_prolific_id,,,meta,,,,,,1,,,
5,intro_native,,,meta,,,,,,1,,Yes,
5,intro_other_langs,,,meta,,,,,,1,,0,
5,intro_gender,,,meta,,,,,,1,,Female,
6,intro_prolific_id,,,meta,,,,,,2,,,
6,intro_native,,,meta,,,,,,2,,Yes,
6,intro_other_langs,,,meta,,,,,,2,,0,
6,intro_gender,,,meta,,,,,,2,,Female,
7,intro_prolific_id,,,meta,,,,,,1,,,
7,intro_native,,,meta,,,,,,1,,Yes,
7,intro_other_langs,,,meta,,,,,,1,,0,
7,intro_gender,,,meta,,,,,,1,,Female,
8,intro_prolific_id,,,meta,,,,,,1,,,
8,intro_native,,,meta,,,,,,1,,Yes,
8,intro_other_langs,,,meta,,,,,,1,,0,
8,intro_gender,,,meta,,,,,,1,,Male,
9,intro_prolific_id,,,meta,,,,,,2,,,
9,intro_native,,,meta,,,,,,2,,Yes,
9,intro_other_langs,,,meta,,,,,,2,,0,
9,intro_gender,,,meta,,,,,,2,,Female,
10,intro_prolific_id,,,meta,,,,,,2,,,
10,intro_native,,,meta,,,,,,2,,Yes,
10,intro_other_langs,,,meta,,,,,,2,,0,
10,intro_gender,,,meta,,,,,,2,,Female,
11,intro_prolific_id,,,meta,,,,,,1,,5ce97c72bbc8bd001b07e9bb,
11,intro_native,,,meta,,,,,,1,,Yes,
11,intro_other_langs,,,meta,,,,,,1,,1,
11,intro_gender,,,meta,,,,,,1,,Female,
12,intro_prolific_id,,,meta,,,,,,2,,60394fde95a5a03dcc668c4b,
12,intro_native,,,meta,,,,,,2,,Yes,
12,intro_other_langs,,,meta,,,,,,2,,0,
12,intro_gender,,,meta,,,,,,2,,Female,
13,intro_prolific_id,,,meta,,,,,,1,,5aeb063b2f05b500013028a0,
13,intro_native,,,meta,,,,,,1,,Yes,
13,intro_other_langs,,,meta,,,,,,1,,1,
13,intro_gender,,,meta,,,,,,1,,Female,
14,intro_prolific_id,,,meta,,,,,,2,,5e95a0178e68700009b42b78,
14,intro_native,,,meta,,,,,,2,,Yes,
14,intro_other_langs,,,meta,,,,,,2,,0,
14,intro_gender,,,meta,,,,,,2,,Female,
15,intro_prolific_id,,,meta,,,,,,2,,5f1305051d80f12cccbca0bf,
15,intro_native,,,meta,,,,,,2,,Yes,
15,intro_other_langs,,,meta,,,,,,2,,0,
15,intro_gender,,,meta,,,,,,2,,Male,
16,intro_prolific_id,,,meta,,,,,,2,,5c435c2a3526c80001fc932c,
16,intro_native,,,meta,,,,,,2,,Yes,
16,intro_other_langs,,,meta,,,,,,2,,0,
16,intro_gender,,,meta,,,,,,2,,Male,
17,intro_prolific_id,,,meta,,,,,,1,,5cd071a4eb305c0001f9651e,
17,intro_native,,,meta,,,,,,1,,Yes,
17,intro_other_langs,,,meta,,,,,,1,,0,
17,intro_gender,,,meta,,,,,,1,,Female,
18,intro_prolific_id,,,meta,,,,,,2,,5ffb8c5b60571908f3ac19fa,
18,intro_native,,,meta,,,,,,2,,Yes,
18,intro_other_langs,,,meta,,,,,,2,,0,
18,intro_gender,,,meta,,,,,,2,,Male,
19,intro_prolific_id,,,meta,,,,,,2,,58404fd8ad98e40001ce915f,
19,intro_native,,,meta,,,,,,2,,Yes,
19,intro_other_langs,,,meta,,,,,,2,,0,
19,intro_gender,,,meta,,,,,,2,,Female,
20,intro_prolific_id,,,meta,,,,,,1,,5feb31a4fef4d1b519e1cfc5,
20,intro_native,,,meta,,,,,,1,,Yes,
20,intro_other_langs,,,meta,,,,,,1,,1,
20,intro_gender,,,meta,,,,,,1,,Male,
21,intro_prolific_id,,,meta,,,,,,1,,5ebd841ddea21b08a0aa3057,
21,intro_native,,,meta,,,,,,1,,Yes,
21,intro_other_langs,,,meta,,,,,,1,,1,
21,intro_gender,,,meta,,,,,,1,,Female,
22,intro_prolific_id,,,meta,,,,,,2,,5fae21a54a4443270635904c,
22,intro_native,,,meta,,,,,,2,,Yes,
22,intro_other_langs,,,meta,,,,,,2,,3,
22,intro_gender,,,meta,,,,,,2,,Female,
23,intro_prolific_id,,,meta,,,,,,2,,600de5491d0f333e281263de,
23,intro_native,,,meta,,,,,,2,,Yes,
23,intro_other_langs,,,meta,,,,,,2,,0,
23,intro_gender,,,meta,,,,,,2,,Male,
24,intro_prolific_id,,,meta,,,,,,1,,5ea925adf0ff0739ccf94b45,
24,intro_native,,,meta,,,,,,1,,Yes,
24,intro_other_langs,,,meta,,,,,,1,,0,
24,intro_gender,,,meta,,,,,,1,,Female,
25,intro_prolific_id,,,meta,,,,,,1,,5c8a2d11f7ab04001042af3c,
25,intro_native,,,meta,,,,,,1,,Yes,
25,intro_other_langs,,,meta,,,,,,1,,0,
25,intro_gender,,,meta,,,,,,1,,Male,
26,intro_prolific_id,,,meta,,,,,,2,,5caf6627fdc8a300121bc4cf,
26,intro_native,,,meta,,,,,,2,,Yes,
26,intro_other_langs,,,meta,,,,,,2,,0,
26,intro_gender,,,meta,,,,,,2,,Female,
27,intro_prolific_id,,,meta,,,,,,2,,600a36e5f13c1218ec6a81f3,
27,intro_native,,,meta,,,,,,2,,Yes,
27,intro_other_langs,,,meta,,,,,,2,,1,
27,intro_gender,,,meta,,,,,,2,,Male,
28,intro_prolific_id,,,meta,,,,,,2,,604f7f49bdb53294916cb75c,
28,intro_native,,,meta,,,,,,2,,Yes,
28,intro_other_langs,,,meta,,,,,,2,,0,
28,intro_gender,,,meta,,,,,,2,,Female,
29,intro_prolific_id,,,meta,,,,,,1,,5e07aa9cb638531138f72587,
29,intro_native,,,meta,,,,,,1,,Yes,
29,intro_other_langs,,,meta,,,,,,1,,0,
29,intro_gender,,,meta,,,,,,1,,Male,
30,intro_prolific_id,,,meta,,,,,,2,,5994a22bbf8bcf0001ab6982,
30,intro_native,,,meta,,,,,,2,,Yes,
30,intro_other_langs,,,meta,,,,,,2,,0,
30,intro_gender,,,meta,,,,,,2,,Female,
1,time_total,,,meta,,,,,,2,,,534
1,time_tv,,,meta,,,,,,2,unimodal,,77.728
1,time_couch,,,meta,,,,,,2,bimodal,,74.35
2,time_total,,,meta,,,,,,2,,,590
2,time_tv,,,meta,,,,,,2,unimodal,,78.216
2,time_couch,,,meta,,,,,,2,bimodal,,116.97
3,time_total,,,meta,,,,,,2,,,425
3,time_tv,,,meta,,,,,,2,unimodal,,61.063
3,time_couch,,,meta,,,,,,2,bimodal,,64.012
4,time_total,,,meta,,,,,,2,,,809
4,time_tv,,,meta,,,,,,2,unimodal,,164.356
4,time_couch,,,meta,,,,,,2,bimodal,,258.968
5,time_total,,,meta,,,,,,1,,,700
5,time_tv,,,meta,,,,,,1,bimodal,,139.318
5,time_couch,,,meta,,,,,,1,unimodal,,180.214
6,time_total,,,meta,,,,,,2,,,438
6,time_tv,,,meta,,,,,,2,unimodal,,59.668
6,time_couch,,,meta,,,,,,2,bimodal,,68.463
7,time_total,,,meta,,,,,,1,,,414
7,time_tv,,,meta,,,,,,1,bimodal,,78.523
7,time_couch,,,meta,,,,,,1,unimodal,,59.296
8,time_total,,,meta,,,,,,1,,,526
8,time_tv,,,meta,,,,,,1,bimodal,,71.074
8,time_couch,,,meta,,,,,,1,unimodal,,65.9
9,time_total,,,meta,,,,,,2,,,579
9,time_tv,,,meta,,,,,,2,unimodal,,116.517
9,time_couch,,,meta,,,,,,2,bimodal,,142.2
10,time_total,,,meta,,,,,,2,,,844
10,time_tv,,,meta,,,,,,2,unimodal,,53.806
10,time_couch,,,meta,,,,,,2,bimodal,,79.867
11,time_total,,,meta,,,,,,1,,,425
11,time_tv,,,meta,,,,,,1,bimodal,,74.396
11,time_couch,,,meta,,,,,,1,unimodal,,59.331
12,time_total,,,meta,,,,,,2,,,430
12,time_tv,,,meta,,,,,,2,unimodal,,63.909
12,time_couch,,,meta,,,,,,2,bimodal,,87.68
13,time_total,,,meta,,,,,,1,,,481
13,time_tv,,,meta,,,,,,1,bimodal,,56.559
13,time_couch,,,meta,,,,,,1,unimodal,,124.464
14,time_total,,,meta,,,,,,2,,,477
14,time_tv,,,meta,,,,,,2,unimodal,,83.575
14,time_couch,,,meta,,,,,,2,bimodal,,130.734
15,time_total,,,meta,,,,,,2,,,481
15,time_tv,,,meta,,,,,,2,unimodal,,106.928
15,time_couch,,,meta,,,,,,2,bimodal,,107.896
16,time_total,,,meta,,,,,,2,,,511
16,time_tv,,,meta,,,,,,2,unimodal,,67.887
16,time_couch,,,meta,,,,,,2,bimodal,,102.369
17,time_total,,,meta,,,,,,1,,,566
17,time_tv,,,meta,,,,,,1,bimodal,,141.838
17,time_couch,,,meta,,,,,,1,unimodal,,102.504
18,time_total,,,meta,,,,,,2,,,572
18,time_tv,,,meta,,,,,,2,unimodal,,80.7
18,time_couch,,,meta,,,,,,2,bimodal,,69.402
19,time_total,,,meta,,,,,,2,,,579
19,time_tv,,,meta,,,,,,2,unimodal,,135.139
19,time_couch,,,meta,,,,,,2,bimodal,,144.911
20,time_total,,,meta,,,,,,1,,,795
20,time_tv,,,meta,,,,,,1,bimodal,,156.141
20,time_couch,,,meta,,,,,,1,unimodal,,136.615
21,time_total,,,meta,,,,,,1,,,797
21,time_tv,,,meta,,,,,,1,bimodal,,88.197
21,time_couch,,,meta,,,,,,1,unimodal,,184.008
22,time_total,,,meta,,,,,,2,,,1163
22,time_tv,,,meta,,,,,,2,unimodal,,282.402
22,time_couch,,,meta,,,,,,2,bimodal,,97.307
23,time_total,,,meta,,,,,,2,,,900
23,time_tv,,,meta,,,,,,2,unimodal,,161.835
23,time_couch,,,meta,,,,,,2,bimodal,,113.122
24,time_total,,,meta,,,,,,1,,,1752
24,time_tv,,,meta,,,,,,1,bimodal,,126.919
24,time_couch,,,meta,,,,,,1,unimodal,,333.395
25,time_total,,,meta,,,,,,1,,,564
25,time_tv,,,meta,,,,,,1,bimodal,,126.496
25,time_couch,,,meta,,,,,,1,unimodal,,170.007
26,time_total,,,meta,,,,,,2,,,444
26,time_tv,,,meta,,,,,,2,unimodal,,163.779
26,time_couch,,,meta,,,,,,2,bimodal,,69.694
27,time_total,,,meta,,,,,,2,,,451
27,time_tv,,,meta,,,,,,2,unimodal,,104.572
27,time_couch,,,meta,,,,,,2,bimodal,,45.657
28,time_total,,,meta,,,,,,2,,,452
28,time_tv,,,meta,,,,,,2,unimodal,,68.09
28,time_couch,,,meta,,,,,,2,bimodal,,64.504
29,time_total,,,meta,,,,,,1,,,503
29,time_tv,,,meta,,,,,,1,bimodal,,122.446
29,time_couch,,,meta,,,,,,1,unimodal,,83.322
30,time_total,,,meta,,,,,,2,,,532
30,time_tv,,,meta,,,,,,2,unimodal,,96.372
30,time_couch,,,meta,,,,,,2,bimodal,,96.508
